resume_text,job_role
"Sneha Smith
Contact: sneha.smith@email.com | Phone: +1-858-615-5642

PROFESSIONAL SUMMARY:
Results-driven Data Scientist with 5+ years of experience in developing and implementing natural language processing solutions.
Proficient in python, tensorflow, research with a strong track record of delivering high-quality projects on time.
Seeking to leverage expertise in deep learning to drive innovation and business growth.

EDUCATION:
Master of Technology in Software Engineering
GPA: 3.77

TECHNICAL SKILLS:
natural language processing, python, tensorflow, research, deep learning, classification, computer vision, pandas

WORK EXPERIENCE:

Senior Data Scientist at Tech Solutions Inc. (2018 - Present)
- Led development of scalable natural language processing solutions serving 1M+ users
- Implemented python architecture reducing processing time by 40%
- Collaborated with cross-functional teams using tensorflow methodologies
- Mentored junior developers and conducted code reviews

Data Scientist at Digital Innovations Ltd. (2018 - 2021)
- Developed and maintained research applications with 99.9% uptime
- Optimized deep learning performance achieving 3x throughput improvement
- Participated in scrum ceremonies and sprint planning
- Created technical documentation and API specifications

Junior Data Scientist at StartUp Hub (2017 - 2019)
- Assisted in building natural language processing based tools for data processing
- Wrote unit tests achieving 90%+ code coverage
- Fixed bugs and improved application performance

CERTIFICATIONS:
- Certified Azure Practitioner
- Data Scientist Professional Certification

PROJECTS:
- Built an end-to-end natural language processing pipeline processing 108K records daily
- Developed a python based dashboard for real-time monitoring",Data Scientist
"Emily Garcia
Contact: emily.garcia@email.com | Phone: +1-853-933-6622

PROFESSIONAL SUMMARY:
Results-driven Network Engineer with 13+ years of experience in developing and implementing load balancer solutions.
Proficient in bgp, routing, troubleshooting with a strong track record of delivering high-quality projects on time.
Seeking to leverage expertise in dns to drive innovation and business growth.

EDUCATION:
Bachelor of Engineering in Information Technology
GPA: 3.57

TECHNICAL SKILLS:
load balancer, bgp, routing, troubleshooting, dns, infrastructure, vlan, ospf

WORK EXPERIENCE:

Senior Network Engineer at Tech Solutions Inc. (2018 - Present)
- Led development of scalable load balancer solutions serving 1M+ users
- Implemented bgp architecture reducing processing time by 40%
- Collaborated with cross-functional teams using routing methodologies
- Mentored junior developers and conducted code reviews

Network Engineer at Digital Innovations Ltd. (2017 - 2019)
- Developed and maintained troubleshooting applications with 99.9% uptime
- Optimized dns performance achieving 3x throughput improvement
- Participated in agile ceremonies and sprint planning
- Created technical documentation and API specifications

Junior Network Engineer at StartUp Hub (2016 - 2019)
- Assisted in building load balancer based tools for data processing
- Wrote unit tests achieving 90%+ code coverage
- Fixed bugs and improved application performance

CERTIFICATIONS:
- Certified AWS Practitioner
- Network Engineer Professional Certification

PROJECTS:
- Built an end-to-end load balancer pipeline processing 44K records daily
- Developed a bgp based dashboard for real-time monitoring",Network Engineer
"Robert Patel
Contact: robert.patel@email.com | Phone: +1-556-924-7534

PROFESSIONAL SUMMARY:
Results-driven Software Engineer with 6+ years of experience in developing and implementing algorithms solutions.
Proficient in rest api, linux, data structures with a strong track record of delivering high-quality projects on time.
Seeking to leverage expertise in python to drive innovation and business growth.

EDUCATION:
Master of Computer Applications
GPA: 3.2

TECHNICAL SKILLS:
algorithms, rest api, linux, data structures, python, debugging, code review, ci/cd

WORK EXPERIENCE:

Senior Software Engineer at Tech Solutions Inc. (2022 - Present)
- Led development of scalable algorithms solutions serving 1M+ users
- Implemented rest api architecture reducing processing time by 40%
- Collaborated with cross-functional teams using linux methodologies
- Mentored junior developers and conducted code reviews

Software Engineer at Digital Innovations Ltd. (2019 - 2021)
- Developed and maintained data structures applications with 99.9% uptime
- Optimized python performance achieving 3x throughput improvement
- Participated in kanban ceremonies and sprint planning
- Created technical documentation and API specifications

Junior Software Engineer at StartUp Hub (2015 - 2018)
- Assisted in building algorithms based tools for data processing
- Wrote unit tests achieving 90%+ code coverage
- Fixed bugs and improved application performance

CERTIFICATIONS:
- Certified Azure Practitioner
- Software Engineer Professional Certification

PROJECTS:
- Built an end-to-end algorithms pipeline processing 429K records daily
- Developed a rest api based dashboard for real-time monitoring",Software Engineer
"David Singh
Contact: david.singh@email.com | Phone: +1-856-150-9433

PROFESSIONAL SUMMARY:
Results-driven Full Stack Developer with 10+ years of experience in developing and implementing redux solutions.
Proficient in node.js, rest api, aws with a strong track record of delivering high-quality projects on time.
Seeking to leverage expertise in django to drive innovation and business growth.

EDUCATION:
Master of Computer Applications
GPA: 3.06

TECHNICAL SKILLS:
redux, node.js, rest api, aws, django, mongodb, typescript, javascript

WORK EXPERIENCE:

Senior Full Stack Developer at Tech Solutions Inc. (2020 - Present)
- Led development of scalable redux solutions serving 1M+ users
- Implemented node.js architecture reducing processing time by 40%
- Collaborated with cross-functional teams using rest api methodologies
- Mentored junior developers and conducted code reviews

Full Stack Developer at Digital Innovations Ltd. (2016 - 2022)
- Developed and maintained aws applications with 99.9% uptime
- Optimized django performance achieving 3x throughput improvement
- Participated in scrum ceremonies and sprint planning
- Created technical documentation and API specifications

Junior Full Stack Developer at StartUp Hub (2017 - 2015)
- Assisted in building redux based tools for data processing
- Wrote unit tests achieving 90%+ code coverage
- Fixed bugs and improved application performance

CERTIFICATIONS:
- Certified Azure Practitioner
- Full Stack Developer Professional Certification

PROJECTS:
- Built an end-to-end redux pipeline processing 48K records daily
- Developed a node.js based dashboard for real-time monitoring",Full Stack Developer
"Emily Davis
Contact: emily.davis@email.com | Phone: +1-933-550-8579

PROFESSIONAL SUMMARY:
Results-driven UI/UX Designer with 12+ years of experience in developing and implementing interaction design solutions.
Proficient in sketch, persona, a/b testing with a strong track record of delivering high-quality projects on time.
Seeking to leverage expertise in information architecture to drive innovation and business growth.

EDUCATION:
Bachelor of Science in Data Science
GPA: 3.49

TECHNICAL SKILLS:
interaction design, sketch, persona, a/b testing, information architecture, color theory, usability testing, visual design

WORK EXPERIENCE:

Senior UI/UX Designer at Tech Solutions Inc. (2023 - Present)
- Led development of scalable interaction design solutions serving 1M+ users
- Implemented sketch architecture reducing processing time by 40%
- Collaborated with cross-functional teams using persona methodologies
- Mentored junior developers and conducted code reviews

UI/UX Designer at Digital Innovations Ltd. (2016 - 2023)
- Developed and maintained a/b testing applications with 99.9% uptime
- Optimized information architecture performance achieving 3x throughput improvement
- Participated in agile ceremonies and sprint planning
- Created technical documentation and API specifications

Junior UI/UX Designer at StartUp Hub (2013 - 2017)
- Assisted in building interaction design based tools for data processing
- Wrote unit tests achieving 90%+ code coverage
- Fixed bugs and improved application performance

CERTIFICATIONS:
- Certified Azure Practitioner
- UI/UX Designer Professional Certification

PROJECTS:
- Built an end-to-end interaction design pipeline processing 396K records daily
- Developed a sketch based dashboard for real-time monitoring",UI/UX Designer
"Michael Kumar
Contact: michael.kumar@email.com | Phone: +1-244-501-7349

PROFESSIONAL SUMMARY:
Results-driven Data Engineer with 3+ years of experience in developing and implementing data pipeline solutions.
Proficient in data warehouse, cloud infrastructure, etl with a strong track record of delivering high-quality projects on time.
Seeking to leverage expertise in scala to drive innovation and business growth.

EDUCATION:
Master of Computer Applications
GPA: 3.13

TECHNICAL SKILLS:
data pipeline, data warehouse, cloud infrastructure, etl, scala, big data, redis, postgresql

WORK EXPERIENCE:

Senior Data Engineer at Tech Solutions Inc. (2021 - Present)
- Led development of scalable data pipeline solutions serving 1M+ users
- Implemented data warehouse architecture reducing processing time by 40%
- Collaborated with cross-functional teams using cloud infrastructure methodologies
- Mentored junior developers and conducted code reviews

Data Engineer at Digital Innovations Ltd. (2018 - 2021)
- Developed and maintained etl applications with 99.9% uptime
- Optimized scala performance achieving 3x throughput improvement
- Participated in kanban ceremonies and sprint planning
- Created technical documentation and API specifications

Junior Data Engineer at StartUp Hub (2017 - 2018)
- Assisted in building data pipeline based tools for data processing
- Wrote unit tests achieving 90%+ code coverage
- Fixed bugs and improved application performance

CERTIFICATIONS:
- Certified Google Cloud Practitioner
- Data Engineer Professional Certification

PROJECTS:
- Built an end-to-end data pipeline pipeline processing 258K records daily
- Developed a data warehouse based dashboard for real-time monitoring",Data Engineer
"Alex Davis
Contact: alex.davis@email.com | Phone: +1-837-442-7453

PROFESSIONAL SUMMARY:
Results-driven Network Engineer with 6+ years of experience in developing and implementing wireless solutions.
Proficient in dhcp, vlan, cisco with a strong track record of delivering high-quality projects on time.
Seeking to leverage expertise in dns to drive innovation and business growth.

EDUCATION:
Bachelor of Science in Data Science
GPA: 3.06

TECHNICAL SKILLS:
wireless, dhcp, vlan, cisco, dns, network security, vpn, firewall

WORK EXPERIENCE:

Senior Network Engineer at Tech Solutions Inc. (2021 - Present)
- Led development of scalable wireless solutions serving 1M+ users
- Implemented dhcp architecture reducing processing time by 40%
- Collaborated with cross-functional teams using vlan methodologies
- Mentored junior developers and conducted code reviews

Network Engineer at Digital Innovations Ltd. (2017 - 2021)
- Developed and maintained cisco applications with 99.9% uptime
- Optimized dns performance achieving 3x throughput improvement
- Participated in agile ceremonies and sprint planning
- Created technical documentation and API specifications

Junior Network Engineer at StartUp Hub (2016 - 2019)
- Assisted in building wireless based tools for data processing
- Wrote unit tests achieving 90%+ code coverage
- Fixed bugs and improved application performance

CERTIFICATIONS:
- Certified Azure Practitioner
- Network Engineer Professional Certification

PROJECTS:
- Built an end-to-end wireless pipeline processing 241K records daily
- Developed a dhcp based dashboard for real-time monitoring",Network Engineer
"Amit Brown
Contact: amit.brown@email.com | Phone: +1-278-825-1781

PROFESSIONAL SUMMARY:
Results-driven Backend Developer with 6+ years of experience in developing and implementing api gateway solutions.
Proficient in authentication, express, django with a strong track record of delivering high-quality projects on time.
Seeking to leverage expertise in java to drive innovation and business growth.

EDUCATION:
Bachelor of Science in Data Science
GPA: 3.24

TECHNICAL SKILLS:
api gateway, authentication, express, django, java, node.js, microservices, authorization

WORK EXPERIENCE:

Senior Backend Developer at Tech Solutions Inc. (2018 - Present)
- Led development of scalable api gateway solutions serving 1M+ users
- Implemented authentication architecture reducing processing time by 40%
- Collaborated with cross-functional teams using express methodologies
- Mentored junior developers and conducted code reviews

Backend Developer at Digital Innovations Ltd. (2016 - 2021)
- Developed and maintained django applications with 99.9% uptime
- Optimized java performance achieving 3x throughput improvement
- Participated in scrum ceremonies and sprint planning
- Created technical documentation and API specifications

Junior Backend Developer at StartUp Hub (2013 - 2016)
- Assisted in building api gateway based tools for data processing
- Wrote unit tests achieving 90%+ code coverage
- Fixed bugs and improved application performance

CERTIFICATIONS:
- Certified AWS Practitioner
- Backend Developer Professional Certification

PROJECTS:
- Built an end-to-end api gateway pipeline processing 257K records daily
- Developed a authentication based dashboard for real-time monitoring",Backend Developer
"David Martinez
Contact: david.martinez@email.com | Phone: +1-322-978-6506

PROFESSIONAL SUMMARY:
Results-driven Systems Engineer with 7+ years of experience in developing and implementing vmware solutions.
Proficient in scripting, dhcp, monitoring with a strong track record of delivering high-quality projects on time.
Seeking to leverage expertise in windows server to drive innovation and business growth.

EDUCATION:
Bachelor of Science in Data Science
GPA: 3.18

TECHNICAL SKILLS:
vmware, scripting, dhcp, monitoring, windows server, backup, active directory, infrastructure

WORK EXPERIENCE:

Senior Systems Engineer at Tech Solutions Inc. (2021 - Present)
- Led development of scalable vmware solutions serving 1M+ users
- Implemented scripting architecture reducing processing time by 40%
- Collaborated with cross-functional teams using dhcp methodologies
- Mentored junior developers and conducted code reviews

Systems Engineer at Digital Innovations Ltd. (2019 - 2024)
- Developed and maintained monitoring applications with 99.9% uptime
- Optimized windows server performance achieving 3x throughput improvement
- Participated in kanban ceremonies and sprint planning
- Created technical documentation and API specifications

Junior Systems Engineer at StartUp Hub (2016 - 2019)
- Assisted in building vmware based tools for data processing
- Wrote unit tests achieving 90%+ code coverage
- Fixed bugs and improved application performance

CERTIFICATIONS:
- Certified AWS Practitioner
- Systems Engineer Professional Certification

PROJECTS:
- Built an end-to-end vmware pipeline processing 156K records daily
- Developed a scripting based dashboard for real-time monitoring",Systems Engineer
"James Sharma
Contact: james.sharma@email.com | Phone: +1-857-255-1507

PROFESSIONAL SUMMARY:
Results-driven Systems Engineer with 14+ years of experience in developing and implementing virtualization solutions.
Proficient in monitoring, disaster recovery, backup with a strong track record of delivering high-quality projects on time.
Seeking to leverage expertise in security to drive innovation and business growth.

EDUCATION:
Bachelor of Technology in Computer Science
GPA: 3.88

TECHNICAL SKILLS:
virtualization, monitoring, disaster recovery, backup, security, infrastructure, networking, active directory

WORK EXPERIENCE:

Senior Systems Engineer at Tech Solutions Inc. (2020 - Present)
- Led development of scalable virtualization solutions serving 1M+ users
- Implemented monitoring architecture reducing processing time by 40%
- Collaborated with cross-functional teams using disaster recovery methodologies
- Mentored junior developers and conducted code reviews

Systems Engineer at Digital Innovations Ltd. (2017 - 2020)
- Developed and maintained backup applications with 99.9% uptime
- Optimized security performance achieving 3x throughput improvement
- Participated in kanban ceremonies and sprint planning
- Created technical documentation and API specifications

Junior Systems Engineer at StartUp Hub (2016 - 2019)
- Assisted in building virtualization based tools for data processing
- Wrote unit tests achieving 90%+ code coverage
- Fixed bugs and improved application performance

CERTIFICATIONS:
- Certified AWS Practitioner
- Systems Engineer Professional Certification

PROJECTS:
- Built an end-to-end virtualization pipeline processing 48K records daily
- Developed a monitoring based dashboard for real-time monitoring",Systems Engineer
"Michael Brown
Contact: michael.brown@email.com | Phone: +1-655-842-5895

PROFESSIONAL SUMMARY:
Results-driven Frontend Developer with 6+ years of experience in developing and implementing css solutions.
Proficient in redux, user experience, component library with a strong track record of delivering high-quality projects on time.
Seeking to leverage expertise in accessibility to drive innovation and business growth.

EDUCATION:
Master of Computer Applications
GPA: 3.13

TECHNICAL SKILLS:
css, redux, user experience, component library, accessibility, vue.js, angular, tailwind

WORK EXPERIENCE:

Senior Frontend Developer at Tech Solutions Inc. (2021 - Present)
- Led development of scalable css solutions serving 1M+ users
- Implemented redux architecture reducing processing time by 40%
- Collaborated with cross-functional teams using user experience methodologies
- Mentored junior developers and conducted code reviews

Frontend Developer at Digital Innovations Ltd. (2018 - 2019)
- Developed and maintained component library applications with 99.9% uptime
- Optimized accessibility performance achieving 3x throughput improvement
- Participated in agile ceremonies and sprint planning
- Created technical documentation and API specifications

Junior Frontend Developer at StartUp Hub (2016 - 2015)
- Assisted in building css based tools for data processing
- Wrote unit tests achieving 90%+ code coverage
- Fixed bugs and improved application performance

CERTIFICATIONS:
- Certified Google Cloud Practitioner
- Frontend Developer Professional Certification

PROJECTS:
- Built an end-to-end css pipeline processing 123K records daily
- Developed a redux based dashboard for real-time monitoring",Frontend Developer
"Alex Rodriguez
Contact: alex.rodriguez@email.com | Phone: +1-700-725-1412

PROFESSIONAL SUMMARY:
Results-driven Web Developer with 7+ years of experience in developing and implementing seo solutions.
Proficient in cross browser, react, node.js with a strong track record of delivering high-quality projects on time.
Seeking to leverage expertise in responsive design to drive innovation and business growth.

EDUCATION:
Master of Technology in Software Engineering
GPA: 3.04

TECHNICAL SKILLS:
seo, cross browser, react, node.js, responsive design, angular, user interface, html

WORK EXPERIENCE:

Senior Web Developer at Tech Solutions Inc. (2018 - Present)
- Led development of scalable seo solutions serving 1M+ users
- Implemented cross browser architecture reducing processing time by 40%
- Collaborated with cross-functional teams using react methodologies
- Mentored junior developers and conducted code reviews

Web Developer at Digital Innovations Ltd. (2019 - 2022)
- Developed and maintained node.js applications with 99.9% uptime
- Optimized responsive design performance achieving 3x throughput improvement
- Participated in agile ceremonies and sprint planning
- Created technical documentation and API specifications

Junior Web Developer at StartUp Hub (2016 - 2016)
- Assisted in building seo based tools for data processing
- Wrote unit tests achieving 90%+ code coverage
- Fixed bugs and improved application performance

CERTIFICATIONS:
- Certified AWS Practitioner
- Web Developer Professional Certification

PROJECTS:
- Built an end-to-end seo pipeline processing 466K records daily
- Developed a cross browser based dashboard for real-time monitoring",Web Developer
"Lisa Rodriguez
Contact: lisa.rodriguez@email.com | Phone: +1-472-216-7961

PROFESSIONAL SUMMARY:
Results-driven Cybersecurity Analyst with 4+ years of experience in developing and implementing vulnerability assessment solutions.
Proficient in siem, soc, penetration testing with a strong track record of delivering high-quality projects on time.
Seeking to leverage expertise in security monitoring to drive innovation and business growth.

EDUCATION:
Bachelor of Technology in Computer Science
GPA: 3.97

TECHNICAL SKILLS:
vulnerability assessment, siem, soc, penetration testing, security monitoring, forensics, intrusion detection, network security

WORK EXPERIENCE:

Senior Cybersecurity Analyst at Tech Solutions Inc. (2019 - Present)
- Led development of scalable vulnerability assessment solutions serving 1M+ users
- Implemented siem architecture reducing processing time by 40%
- Collaborated with cross-functional teams using soc methodologies
- Mentored junior developers and conducted code reviews

Cybersecurity Analyst at Digital Innovations Ltd. (2017 - 2022)
- Developed and maintained penetration testing applications with 99.9% uptime
- Optimized security monitoring performance achieving 3x throughput improvement
- Participated in agile ceremonies and sprint planning
- Created technical documentation and API specifications

Junior Cybersecurity Analyst at StartUp Hub (2014 - 2019)
- Assisted in building vulnerability assessment based tools for data processing
- Wrote unit tests achieving 90%+ code coverage
- Fixed bugs and improved application performance

CERTIFICATIONS:
- Certified Azure Practitioner
- Cybersecurity Analyst Professional Certification

PROJECTS:
- Built an end-to-end vulnerability assessment pipeline processing 374K records daily
- Developed a siem based dashboard for real-time monitoring",Cybersecurity Analyst
"Sneha Rodriguez
Contact: sneha.rodriguez@email.com | Phone: +1-306-930-5143

PROFESSIONAL SUMMARY:
Results-driven Java Developer with 6+ years of experience in developing and implementing maven solutions.
Proficient in oracle, mysql, hibernate with a strong track record of delivering high-quality projects on time.
Seeking to leverage expertise in multithreading to drive innovation and business growth.

EDUCATION:
Master of Computer Applications
GPA: 3.06

TECHNICAL SKILLS:
maven, oracle, mysql, hibernate, multithreading, lambda, object oriented, jdbc

WORK EXPERIENCE:

Senior Java Developer at Tech Solutions Inc. (2019 - Present)
- Led development of scalable maven solutions serving 1M+ users
- Implemented oracle architecture reducing processing time by 40%
- Collaborated with cross-functional teams using mysql methodologies
- Mentored junior developers and conducted code reviews

Java Developer at Digital Innovations Ltd. (2018 - 2018)
- Developed and maintained hibernate applications with 99.9% uptime
- Optimized multithreading performance achieving 3x throughput improvement
- Participated in agile ceremonies and sprint planning
- Created technical documentation and API specifications

Junior Java Developer at StartUp Hub (2015 - 2019)
- Assisted in building maven based tools for data processing
- Wrote unit tests achieving 90%+ code coverage
- Fixed bugs and improved application performance

CERTIFICATIONS:
- Certified Google Cloud Practitioner
- Java Developer Professional Certification

PROJECTS:
- Built an end-to-end maven pipeline processing 312K records daily
- Developed a oracle based dashboard for real-time monitoring",Java Developer
"James Singh
Contact: james.singh@email.com | Phone: +1-331-700-2065

PROFESSIONAL SUMMARY:
Results-driven Java Developer with 10+ years of experience in developing and implementing spring boot solutions.
Proficient in design patterns, oracle, lambda with a strong track record of delivering high-quality projects on time.
Seeking to leverage expertise in stream api to drive innovation and business growth.

EDUCATION:
Master of Computer Applications
GPA: 3.39

TECHNICAL SKILLS:
spring boot, design patterns, oracle, lambda, stream api, jpa, maven, junit

WORK EXPERIENCE:

Senior Java Developer at Tech Solutions Inc. (2024 - Present)
- Led development of scalable spring boot solutions serving 1M+ users
- Implemented design patterns architecture reducing processing time by 40%
- Collaborated with cross-functional teams using oracle methodologies
- Mentored junior developers and conducted code reviews

Java Developer at Digital Innovations Ltd. (2017 - 2022)
- Developed and maintained lambda applications with 99.9% uptime
- Optimized stream api performance achieving 3x throughput improvement
- Participated in scrum ceremonies and sprint planning
- Created technical documentation and API specifications

Junior Java Developer at StartUp Hub (2013 - 2015)
- Assisted in building spring boot based tools for data processing
- Wrote unit tests achieving 90%+ code coverage
- Fixed bugs and improved application performance

CERTIFICATIONS:
- Certified AWS Practitioner
- Java Developer Professional Certification

PROJECTS:
- Built an end-to-end spring boot pipeline processing 154K records daily
- Developed a design patterns based dashboard for real-time monitoring",Java Developer
"Alex Kumar
Contact: alex.kumar@email.com | Phone: +1-306-325-1824

PROFESSIONAL SUMMARY:
Results-driven Python Developer with 14+ years of experience in developing and implementing automation solutions.
Proficient in rest api, redis, python with a strong track record of delivering high-quality projects on time.
Seeking to leverage expertise in unit testing to drive innovation and business growth.

EDUCATION:
Master of Science in Computer Science
GPA: 3.22

TECHNICAL SKILLS:
automation, rest api, redis, python, unit testing, flask, pytest, fastapi

WORK EXPERIENCE:

Senior Python Developer at Tech Solutions Inc. (2018 - Present)
- Led development of scalable automation solutions serving 1M+ users
- Implemented rest api architecture reducing processing time by 40%
- Collaborated with cross-functional teams using redis methodologies
- Mentored junior developers and conducted code reviews

Python Developer at Digital Innovations Ltd. (2016 - 2020)
- Developed and maintained python applications with 99.9% uptime
- Optimized unit testing performance achieving 3x throughput improvement
- Participated in scrum ceremonies and sprint planning
- Created technical documentation and API specifications

Junior Python Developer at StartUp Hub (2017 - 2019)
- Assisted in building automation based tools for data processing
- Wrote unit tests achieving 90%+ code coverage
- Fixed bugs and improved application performance

CERTIFICATIONS:
- Certified Azure Practitioner
- Python Developer Professional Certification

PROJECTS:
- Built an end-to-end automation pipeline processing 56K records daily
- Developed a rest api based dashboard for real-time monitoring",Python Developer
"John Miller
Contact: john.miller@email.com | Phone: +1-626-513-7257

PROFESSIONAL SUMMARY:
Results-driven Database Administrator with 7+ years of experience in developing and implementing postgresql solutions.
Proficient in performance tuning, triggers, mysql with a strong track record of delivering high-quality projects on time.
Seeking to leverage expertise in high availability to drive innovation and business growth.

EDUCATION:
Master of Science in Computer Science
GPA: 3.24

TECHNICAL SKILLS:
postgresql, performance tuning, triggers, mysql, high availability, pl/sql, data security, database design

WORK EXPERIENCE:

Senior Database Administrator at Tech Solutions Inc. (2019 - Present)
- Led development of scalable postgresql solutions serving 1M+ users
- Implemented performance tuning architecture reducing processing time by 40%
- Collaborated with cross-functional teams using triggers methodologies
- Mentored junior developers and conducted code reviews

Database Administrator at Digital Innovations Ltd. (2015 - 2021)
- Developed and maintained mysql applications with 99.9% uptime
- Optimized high availability performance achieving 3x throughput improvement
- Participated in kanban ceremonies and sprint planning
- Created technical documentation and API specifications

Junior Database Administrator at StartUp Hub (2013 - 2018)
- Assisted in building postgresql based tools for data processing
- Wrote unit tests achieving 90%+ code coverage
- Fixed bugs and improved application performance

CERTIFICATIONS:
- Certified AWS Practitioner
- Database Administrator Professional Certification

PROJECTS:
- Built an end-to-end postgresql pipeline processing 10K records daily
- Developed a performance tuning based dashboard for real-time monitoring",Database Administrator
"Maria Kumar
Contact: maria.kumar@email.com | Phone: +1-243-811-3645

PROFESSIONAL SUMMARY:
Results-driven Systems Engineer with 6+ years of experience in developing and implementing backup solutions.
Proficient in bash, infrastructure, networking with a strong track record of delivering high-quality projects on time.
Seeking to leverage expertise in linux to drive innovation and business growth.

EDUCATION:
Master of Computer Applications
GPA: 3.47

TECHNICAL SKILLS:
backup, bash, infrastructure, networking, linux, dns, active directory, dhcp

WORK EXPERIENCE:

Senior Systems Engineer at Tech Solutions Inc. (2019 - Present)
- Led development of scalable backup solutions serving 1M+ users
- Implemented bash architecture reducing processing time by 40%
- Collaborated with cross-functional teams using infrastructure methodologies
- Mentored junior developers and conducted code reviews

Systems Engineer at Digital Innovations Ltd. (2019 - 2023)
- Developed and maintained networking applications with 99.9% uptime
- Optimized linux performance achieving 3x throughput improvement
- Participated in agile ceremonies and sprint planning
- Created technical documentation and API specifications

Junior Systems Engineer at StartUp Hub (2014 - 2015)
- Assisted in building backup based tools for data processing
- Wrote unit tests achieving 90%+ code coverage
- Fixed bugs and improved application performance

CERTIFICATIONS:
- Certified Azure Practitioner
- Systems Engineer Professional Certification

PROJECTS:
- Built an end-to-end backup pipeline processing 238K records daily
- Developed a bash based dashboard for real-time monitoring",Systems Engineer
"Sarah Smith
Contact: sarah.smith@email.com | Phone: +1-267-168-4236

PROFESSIONAL SUMMARY:
Results-driven Data Analyst with 13+ years of experience in developing and implementing business intelligence solutions.
Proficient in statistical analysis, pivot tables, dashboard with a strong track record of delivering high-quality projects on time.
Seeking to leverage expertise in vlookup to drive innovation and business growth.

EDUCATION:
Master of Computer Applications
GPA: 3.48

TECHNICAL SKILLS:
business intelligence, statistical analysis, pivot tables, dashboard, vlookup, requirements gathering, sql, trend analysis

WORK EXPERIENCE:

Senior Data Analyst at Tech Solutions Inc. (2022 - Present)
- Led development of scalable business intelligence solutions serving 1M+ users
- Implemented statistical analysis architecture reducing processing time by 40%
- Collaborated with cross-functional teams using pivot tables methodologies
- Mentored junior developers and conducted code reviews

Data Analyst at Digital Innovations Ltd. (2016 - 2022)
- Developed and maintained dashboard applications with 99.9% uptime
- Optimized vlookup performance achieving 3x throughput improvement
- Participated in scrum ceremonies and sprint planning
- Created technical documentation and API specifications

Junior Data Analyst at StartUp Hub (2017 - 2017)
- Assisted in building business intelligence based tools for data processing
- Wrote unit tests achieving 90%+ code coverage
- Fixed bugs and improved application performance

CERTIFICATIONS:
- Certified Google Cloud Practitioner
- Data Analyst Professional Certification

PROJECTS:
- Built an end-to-end business intelligence pipeline processing 444K records daily
- Developed a statistical analysis based dashboard for real-time monitoring",Data Analyst
"Sneha Jones
Contact: sneha.jones@email.com | Phone: +1-337-229-7337

PROFESSIONAL SUMMARY:
Results-driven QA Engineer with 2+ years of experience in developing and implementing performance testing solutions.
Proficient in defect management, tdd, stlc with a strong track record of delivering high-quality projects on time.
Seeking to leverage expertise in testing to drive innovation and business growth.

EDUCATION:
Bachelor of Engineering in Information Technology
GPA: 3.33

TECHNICAL SKILLS:
performance testing, defect management, tdd, stlc, testing, cucumber, jira, bdd

WORK EXPERIENCE:

Senior QA Engineer at Tech Solutions Inc. (2018 - Present)
- Led development of scalable performance testing solutions serving 1M+ users
- Implemented defect management architecture reducing processing time by 40%
- Collaborated with cross-functional teams using tdd methodologies
- Mentored junior developers and conducted code reviews

QA Engineer at Digital Innovations Ltd. (2019 - 2024)
- Developed and maintained stlc applications with 99.9% uptime
- Optimized testing performance achieving 3x throughput improvement
- Participated in kanban ceremonies and sprint planning
- Created technical documentation and API specifications

Junior QA Engineer at StartUp Hub (2013 - 2017)
- Assisted in building performance testing based tools for data processing
- Wrote unit tests achieving 90%+ code coverage
- Fixed bugs and improved application performance

CERTIFICATIONS:
- Certified Google Cloud Practitioner
- QA Engineer Professional Certification

PROJECTS:
- Built an end-to-end performance testing pipeline processing 350K records daily
- Developed a defect management based dashboard for real-time monitoring",QA Engineer
"James Williams
Contact: james.williams@email.com | Phone: +1-410-200-1697

PROFESSIONAL SUMMARY:
Results-driven Backend Developer with 7+ years of experience in developing and implementing graphql solutions.
Proficient in python, java, docker with a strong track record of delivering high-quality projects on time.
Seeking to leverage expertise in api gateway to drive innovation and business growth.

EDUCATION:
Master of Computer Applications
GPA: 3.37

TECHNICAL SKILLS:
graphql, python, java, docker, api gateway, load balancing, node.js, redis

WORK EXPERIENCE:

Senior Backend Developer at Tech Solutions Inc. (2022 - Present)
- Led development of scalable graphql solutions serving 1M+ users
- Implemented python architecture reducing processing time by 40%
- Collaborated with cross-functional teams using java methodologies
- Mentored junior developers and conducted code reviews

Backend Developer at Digital Innovations Ltd. (2018 - 2021)
- Developed and maintained docker applications with 99.9% uptime
- Optimized api gateway performance achieving 3x throughput improvement
- Participated in scrum ceremonies and sprint planning
- Created technical documentation and API specifications

Junior Backend Developer at StartUp Hub (2015 - 2016)
- Assisted in building graphql based tools for data processing
- Wrote unit tests achieving 90%+ code coverage
- Fixed bugs and improved application performance

CERTIFICATIONS:
- Certified AWS Practitioner
- Backend Developer Professional Certification

PROJECTS:
- Built an end-to-end graphql pipeline processing 239K records daily
- Developed a python based dashboard for real-time monitoring",Backend Developer
"Sarah Smith
Contact: sarah.smith@email.com | Phone: +1-500-231-4141

PROFESSIONAL SUMMARY:
Results-driven Web Developer with 7+ years of experience in developing and implementing web development solutions.
Proficient in cross browser, html, react with a strong track record of delivering high-quality projects on time.
Seeking to leverage expertise in javascript to drive innovation and business growth.

EDUCATION:
Bachelor of Technology in Computer Science
GPA: 3.71

TECHNICAL SKILLS:
web development, cross browser, html, react, javascript, seo, sass, user interface

WORK EXPERIENCE:

Senior Web Developer at Tech Solutions Inc. (2020 - Present)
- Led development of scalable web development solutions serving 1M+ users
- Implemented cross browser architecture reducing processing time by 40%
- Collaborated with cross-functional teams using html methodologies
- Mentored junior developers and conducted code reviews

Web Developer at Digital Innovations Ltd. (2019 - 2021)
- Developed and maintained react applications with 99.9% uptime
- Optimized javascript performance achieving 3x throughput improvement
- Participated in scrum ceremonies and sprint planning
- Created technical documentation and API specifications

Junior Web Developer at StartUp Hub (2015 - 2016)
- Assisted in building web development based tools for data processing
- Wrote unit tests achieving 90%+ code coverage
- Fixed bugs and improved application performance

CERTIFICATIONS:
- Certified Azure Practitioner
- Web Developer Professional Certification

PROJECTS:
- Built an end-to-end web development pipeline processing 28K records daily
- Developed a cross browser based dashboard for real-time monitoring",Web Developer
"Maria Rodriguez
Contact: maria.rodriguez@email.com | Phone: +1-623-172-5683

PROFESSIONAL SUMMARY:
Results-driven QA Engineer with 2+ years of experience in developing and implementing regression testing solutions.
Proficient in pytest, cucumber, manual testing with a strong track record of delivering high-quality projects on time.
Seeking to leverage expertise in automation to drive innovation and business growth.

EDUCATION:
Master of Technology in Software Engineering
GPA: 3.03

TECHNICAL SKILLS:
regression testing, pytest, cucumber, manual testing, automation, selenium, test cases, tdd

WORK EXPERIENCE:

Senior QA Engineer at Tech Solutions Inc. (2019 - Present)
- Led development of scalable regression testing solutions serving 1M+ users
- Implemented pytest architecture reducing processing time by 40%
- Collaborated with cross-functional teams using cucumber methodologies
- Mentored junior developers and conducted code reviews

QA Engineer at Digital Innovations Ltd. (2015 - 2019)
- Developed and maintained manual testing applications with 99.9% uptime
- Optimized automation performance achieving 3x throughput improvement
- Participated in kanban ceremonies and sprint planning
- Created technical documentation and API specifications

Junior QA Engineer at StartUp Hub (2016 - 2016)
- Assisted in building regression testing based tools for data processing
- Wrote unit tests achieving 90%+ code coverage
- Fixed bugs and improved application performance

CERTIFICATIONS:
- Certified AWS Practitioner
- QA Engineer Professional Certification

PROJECTS:
- Built an end-to-end regression testing pipeline processing 444K records daily
- Developed a pytest based dashboard for real-time monitoring",QA Engineer
"James Brown
Contact: james.brown@email.com | Phone: +1-507-669-4359

PROFESSIONAL SUMMARY:
Results-driven UI/UX Designer with 10+ years of experience in developing and implementing responsive design solutions.
Proficient in information architecture, user experience, wireframe with a strong track record of delivering high-quality projects on time.
Seeking to leverage expertise in color theory to drive innovation and business growth.

EDUCATION:
Bachelor of Science in Data Science
GPA: 3.54

TECHNICAL SKILLS:
responsive design, information architecture, user experience, wireframe, color theory, prototype, typography, design system

WORK EXPERIENCE:

Senior UI/UX Designer at Tech Solutions Inc. (2021 - Present)
- Led development of scalable responsive design solutions serving 1M+ users
- Implemented information architecture architecture reducing processing time by 40%
- Collaborated with cross-functional teams using user experience methodologies
- Mentored junior developers and conducted code reviews

UI/UX Designer at Digital Innovations Ltd. (2018 - 2023)
- Developed and maintained wireframe applications with 99.9% uptime
- Optimized color theory performance achieving 3x throughput improvement
- Participated in kanban ceremonies and sprint planning
- Created technical documentation and API specifications

Junior UI/UX Designer at StartUp Hub (2014 - 2018)
- Assisted in building responsive design based tools for data processing
- Wrote unit tests achieving 90%+ code coverage
- Fixed bugs and improved application performance

CERTIFICATIONS:
- Certified Google Cloud Practitioner
- UI/UX Designer Professional Certification

PROJECTS:
- Built an end-to-end responsive design pipeline processing 247K records daily
- Developed a information architecture based dashboard for real-time monitoring",UI/UX Designer
"Rahul Martinez
Contact: rahul.martinez@email.com | Phone: +1-449-552-5615

PROFESSIONAL SUMMARY:
Results-driven Machine Learning Engineer with 7+ years of experience in developing and implementing neural networks solutions.
Proficient in deep learning, computer vision, pytorch with a strong track record of delivering high-quality projects on time.
Seeking to leverage expertise in mlops to drive innovation and business growth.

EDUCATION:
Master of Technology in Software Engineering
GPA: 3.86

TECHNICAL SKILLS:
neural networks, deep learning, computer vision, pytorch, mlops, scikit-learn, model deployment, python

WORK EXPERIENCE:

Senior Machine Learning Engineer at Tech Solutions Inc. (2023 - Present)
- Led development of scalable neural networks solutions serving 1M+ users
- Implemented deep learning architecture reducing processing time by 40%
- Collaborated with cross-functional teams using computer vision methodologies
- Mentored junior developers and conducted code reviews

Machine Learning Engineer at Digital Innovations Ltd. (2019 - 2024)
- Developed and maintained pytorch applications with 99.9% uptime
- Optimized mlops performance achieving 3x throughput improvement
- Participated in kanban ceremonies and sprint planning
- Created technical documentation and API specifications

Junior Machine Learning Engineer at StartUp Hub (2013 - 2018)
- Assisted in building neural networks based tools for data processing
- Wrote unit tests achieving 90%+ code coverage
- Fixed bugs and improved application performance

CERTIFICATIONS:
- Certified Azure Practitioner
- Machine Learning Engineer Professional Certification

PROJECTS:
- Built an end-to-end neural networks pipeline processing 155K records daily
- Developed a deep learning based dashboard for real-time monitoring",Machine Learning Engineer
"Michael Brown
Contact: michael.brown@email.com | Phone: +1-273-803-7404

PROFESSIONAL SUMMARY:
Results-driven Backend Developer with 1+ years of experience in developing and implementing microservices solutions.
Proficient in django, serverless, redis with a strong track record of delivering high-quality projects on time.
Seeking to leverage expertise in rest api to drive innovation and business growth.

EDUCATION:
Bachelor of Science in Data Science
GPA: 3.71

TECHNICAL SKILLS:
microservices, django, serverless, redis, rest api, graphql, express, caching

WORK EXPERIENCE:

Senior Backend Developer at Tech Solutions Inc. (2019 - Present)
- Led development of scalable microservices solutions serving 1M+ users
- Implemented django architecture reducing processing time by 40%
- Collaborated with cross-functional teams using serverless methodologies
- Mentored junior developers and conducted code reviews

Backend Developer at Digital Innovations Ltd. (2018 - 2023)
- Developed and maintained redis applications with 99.9% uptime
- Optimized rest api performance achieving 3x throughput improvement
- Participated in kanban ceremonies and sprint planning
- Created technical documentation and API specifications

Junior Backend Developer at StartUp Hub (2014 - 2017)
- Assisted in building microservices based tools for data processing
- Wrote unit tests achieving 90%+ code coverage
- Fixed bugs and improved application performance

CERTIFICATIONS:
- Certified AWS Practitioner
- Backend Developer Professional Certification

PROJECTS:
- Built an end-to-end microservices pipeline processing 289K records daily
- Developed a django based dashboard for real-time monitoring",Backend Developer
"Emily Garcia
Contact: emily.garcia@email.com | Phone: +1-638-256-3925

PROFESSIONAL SUMMARY:
Results-driven Cybersecurity Analyst with 6+ years of experience in developing and implementing soc solutions.
Proficient in intrusion detection, owasp, identity management with a strong track record of delivering high-quality projects on time.
Seeking to leverage expertise in risk assessment to drive innovation and business growth.

EDUCATION:
Master of Science in Computer Science
GPA: 3.88

TECHNICAL SKILLS:
soc, intrusion detection, owasp, identity management, risk assessment, network security, compliance, cybersecurity

WORK EXPERIENCE:

Senior Cybersecurity Analyst at Tech Solutions Inc. (2024 - Present)
- Led development of scalable soc solutions serving 1M+ users
- Implemented intrusion detection architecture reducing processing time by 40%
- Collaborated with cross-functional teams using owasp methodologies
- Mentored junior developers and conducted code reviews

Cybersecurity Analyst at Digital Innovations Ltd. (2015 - 2024)
- Developed and maintained identity management applications with 99.9% uptime
- Optimized risk assessment performance achieving 3x throughput improvement
- Participated in agile ceremonies and sprint planning
- Created technical documentation and API specifications

Junior Cybersecurity Analyst at StartUp Hub (2013 - 2018)
- Assisted in building soc based tools for data processing
- Wrote unit tests achieving 90%+ code coverage
- Fixed bugs and improved application performance

CERTIFICATIONS:
- Certified AWS Practitioner
- Cybersecurity Analyst Professional Certification

PROJECTS:
- Built an end-to-end soc pipeline processing 91K records daily
- Developed a intrusion detection based dashboard for real-time monitoring",Cybersecurity Analyst
"James Williams
Contact: james.williams@email.com | Phone: +1-941-468-9105

PROFESSIONAL SUMMARY:
Results-driven Systems Engineer with 6+ years of experience in developing and implementing linux solutions.
Proficient in active directory, disaster recovery, monitoring with a strong track record of delivering high-quality projects on time.
Seeking to leverage expertise in dns to drive innovation and business growth.

EDUCATION:
Master of Computer Applications
GPA: 3.15

TECHNICAL SKILLS:
linux, active directory, disaster recovery, monitoring, dns, windows server, bash, system administration

WORK EXPERIENCE:

Senior Systems Engineer at Tech Solutions Inc. (2020 - Present)
- Led development of scalable linux solutions serving 1M+ users
- Implemented active directory architecture reducing processing time by 40%
- Collaborated with cross-functional teams using disaster recovery methodologies
- Mentored junior developers and conducted code reviews

Systems Engineer at Digital Innovations Ltd. (2017 - 2021)
- Developed and maintained monitoring applications with 99.9% uptime
- Optimized dns performance achieving 3x throughput improvement
- Participated in scrum ceremonies and sprint planning
- Created technical documentation and API specifications

Junior Systems Engineer at StartUp Hub (2015 - 2019)
- Assisted in building linux based tools for data processing
- Wrote unit tests achieving 90%+ code coverage
- Fixed bugs and improved application performance

CERTIFICATIONS:
- Certified AWS Practitioner
- Systems Engineer Professional Certification

PROJECTS:
- Built an end-to-end linux pipeline processing 405K records daily
- Developed a active directory based dashboard for real-time monitoring",Systems Engineer
"Alex Williams
Contact: alex.williams@email.com | Phone: +1-597-831-7310

PROFESSIONAL SUMMARY:
Results-driven Data Engineer with 2+ years of experience in developing and implementing big data solutions.
Proficient in airflow, data lake, data warehouse with a strong track record of delivering high-quality projects on time.
Seeking to leverage expertise in redis to drive innovation and business growth.

EDUCATION:
Bachelor of Science in Data Science
GPA: 3.97

TECHNICAL SKILLS:
big data, airflow, data lake, data warehouse, redis, etl, cloud infrastructure, apache spark

WORK EXPERIENCE:

Senior Data Engineer at Tech Solutions Inc. (2018 - Present)
- Led development of scalable big data solutions serving 1M+ users
- Implemented airflow architecture reducing processing time by 40%
- Collaborated with cross-functional teams using data lake methodologies
- Mentored junior developers and conducted code reviews

Data Engineer at Digital Innovations Ltd. (2018 - 2021)
- Developed and maintained data warehouse applications with 99.9% uptime
- Optimized redis performance achieving 3x throughput improvement
- Participated in scrum ceremonies and sprint planning
- Created technical documentation and API specifications

Junior Data Engineer at StartUp Hub (2015 - 2018)
- Assisted in building big data based tools for data processing
- Wrote unit tests achieving 90%+ code coverage
- Fixed bugs and improved application performance

CERTIFICATIONS:
- Certified AWS Practitioner
- Data Engineer Professional Certification

PROJECTS:
- Built an end-to-end big data pipeline processing 175K records daily
- Developed a airflow based dashboard for real-time monitoring",Data Engineer
"Alex Sharma
Contact: alex.sharma@email.com | Phone: +1-693-800-9182

PROFESSIONAL SUMMARY:
Results-driven Data Analyst with 5+ years of experience in developing and implementing excel solutions.
Proficient in dashboard, data cleaning, reporting with a strong track record of delivering high-quality projects on time.
Seeking to leverage expertise in pandas to drive innovation and business growth.

EDUCATION:
Bachelor of Science in Data Science
GPA: 3.02

TECHNICAL SKILLS:
excel, dashboard, data cleaning, reporting, pandas, pivot tables, sql, python

WORK EXPERIENCE:

Senior Data Analyst at Tech Solutions Inc. (2023 - Present)
- Led development of scalable excel solutions serving 1M+ users
- Implemented dashboard architecture reducing processing time by 40%
- Collaborated with cross-functional teams using data cleaning methodologies
- Mentored junior developers and conducted code reviews

Data Analyst at Digital Innovations Ltd. (2019 - 2023)
- Developed and maintained reporting applications with 99.9% uptime
- Optimized pandas performance achieving 3x throughput improvement
- Participated in kanban ceremonies and sprint planning
- Created technical documentation and API specifications

Junior Data Analyst at StartUp Hub (2015 - 2016)
- Assisted in building excel based tools for data processing
- Wrote unit tests achieving 90%+ code coverage
- Fixed bugs and improved application performance

CERTIFICATIONS:
- Certified Azure Practitioner
- Data Analyst Professional Certification

PROJECTS:
- Built an end-to-end excel pipeline processing 329K records daily
- Developed a dashboard based dashboard for real-time monitoring",Data Analyst
"James Rodriguez
Contact: james.rodriguez@email.com | Phone: +1-392-500-2772

PROFESSIONAL SUMMARY:
Results-driven Software Engineer with 9+ years of experience in developing and implementing testing solutions.
Proficient in data structures, scrum, system design with a strong track record of delivering high-quality projects on time.
Seeking to leverage expertise in python to drive innovation and business growth.

EDUCATION:
Bachelor of Science in Data Science
GPA: 3.22

TECHNICAL SKILLS:
testing, data structures, scrum, system design, python, object oriented, design patterns, ci/cd

WORK EXPERIENCE:

Senior Software Engineer at Tech Solutions Inc. (2021 - Present)
- Led development of scalable testing solutions serving 1M+ users
- Implemented data structures architecture reducing processing time by 40%
- Collaborated with cross-functional teams using scrum methodologies
- Mentored junior developers and conducted code reviews

Software Engineer at Digital Innovations Ltd. (2019 - 2020)
- Developed and maintained system design applications with 99.9% uptime
- Optimized python performance achieving 3x throughput improvement
- Participated in kanban ceremonies and sprint planning
- Created technical documentation and API specifications

Junior Software Engineer at StartUp Hub (2017 - 2017)
- Assisted in building testing based tools for data processing
- Wrote unit tests achieving 90%+ code coverage
- Fixed bugs and improved application performance

CERTIFICATIONS:
- Certified Azure Practitioner
- Software Engineer Professional Certification

PROJECTS:
- Built an end-to-end testing pipeline processing 380K records daily
- Developed a data structures based dashboard for real-time monitoring",Software Engineer
"Alex Patel
Contact: alex.patel@email.com | Phone: +1-641-360-9964

PROFESSIONAL SUMMARY:
Results-driven Frontend Developer with 3+ years of experience in developing and implementing angular solutions.
Proficient in webpack, typescript, less with a strong track record of delivering high-quality projects on time.
Seeking to leverage expertise in progressive web apps to drive innovation and business growth.

EDUCATION:
Bachelor of Engineering in Information Technology
GPA: 3.66

TECHNICAL SKILLS:
angular, webpack, typescript, less, progressive web apps, css, redux, react

WORK EXPERIENCE:

Senior Frontend Developer at Tech Solutions Inc. (2019 - Present)
- Led development of scalable angular solutions serving 1M+ users
- Implemented webpack architecture reducing processing time by 40%
- Collaborated with cross-functional teams using typescript methodologies
- Mentored junior developers and conducted code reviews

Frontend Developer at Digital Innovations Ltd. (2018 - 2018)
- Developed and maintained less applications with 99.9% uptime
- Optimized progressive web apps performance achieving 3x throughput improvement
- Participated in kanban ceremonies and sprint planning
- Created technical documentation and API specifications

Junior Frontend Developer at StartUp Hub (2013 - 2015)
- Assisted in building angular based tools for data processing
- Wrote unit tests achieving 90%+ code coverage
- Fixed bugs and improved application performance

CERTIFICATIONS:
- Certified Azure Practitioner
- Frontend Developer Professional Certification

PROJECTS:
- Built an end-to-end angular pipeline processing 472K records daily
- Developed a webpack based dashboard for real-time monitoring",Frontend Developer
"Amit Brown
Contact: amit.brown@email.com | Phone: +1-596-798-8186

PROFESSIONAL SUMMARY:
Results-driven Web Developer with 9+ years of experience in developing and implementing web development solutions.
Proficient in cross browser, typescript, node.js with a strong track record of delivering high-quality projects on time.
Seeking to leverage expertise in user interface to drive innovation and business growth.

EDUCATION:
Master of Computer Applications
GPA: 3.39

TECHNICAL SKILLS:
web development, cross browser, typescript, node.js, user interface, responsive design, rest api, git

WORK EXPERIENCE:

Senior Web Developer at Tech Solutions Inc. (2021 - Present)
- Led development of scalable web development solutions serving 1M+ users
- Implemented cross browser architecture reducing processing time by 40%
- Collaborated with cross-functional teams using typescript methodologies
- Mentored junior developers and conducted code reviews

Web Developer at Digital Innovations Ltd. (2019 - 2018)
- Developed and maintained node.js applications with 99.9% uptime
- Optimized user interface performance achieving 3x throughput improvement
- Participated in kanban ceremonies and sprint planning
- Created technical documentation and API specifications

Junior Web Developer at StartUp Hub (2016 - 2015)
- Assisted in building web development based tools for data processing
- Wrote unit tests achieving 90%+ code coverage
- Fixed bugs and improved application performance

CERTIFICATIONS:
- Certified Google Cloud Practitioner
- Web Developer Professional Certification

PROJECTS:
- Built an end-to-end web development pipeline processing 293K records daily
- Developed a cross browser based dashboard for real-time monitoring",Web Developer
"David Kumar
Contact: david.kumar@email.com | Phone: +1-368-780-7726

PROFESSIONAL SUMMARY:
Results-driven Cybersecurity Analyst with 2+ years of experience in developing and implementing nist solutions.
Proficient in security tools, vulnerability assessment, forensics with a strong track record of delivering high-quality projects on time.
Seeking to leverage expertise in network security to drive innovation and business growth.

EDUCATION:
Bachelor of Technology in Computer Science
GPA: 3.89

TECHNICAL SKILLS:
nist, security tools, vulnerability assessment, forensics, network security, incident response, compliance, threat analysis

WORK EXPERIENCE:

Senior Cybersecurity Analyst at Tech Solutions Inc. (2024 - Present)
- Led development of scalable nist solutions serving 1M+ users
- Implemented security tools architecture reducing processing time by 40%
- Collaborated with cross-functional teams using vulnerability assessment methodologies
- Mentored junior developers and conducted code reviews

Cybersecurity Analyst at Digital Innovations Ltd. (2016 - 2020)
- Developed and maintained forensics applications with 99.9% uptime
- Optimized network security performance achieving 3x throughput improvement
- Participated in kanban ceremonies and sprint planning
- Created technical documentation and API specifications

Junior Cybersecurity Analyst at StartUp Hub (2013 - 2015)
- Assisted in building nist based tools for data processing
- Wrote unit tests achieving 90%+ code coverage
- Fixed bugs and improved application performance

CERTIFICATIONS:
- Certified AWS Practitioner
- Cybersecurity Analyst Professional Certification

PROJECTS:
- Built an end-to-end nist pipeline processing 279K records daily
- Developed a security tools based dashboard for real-time monitoring",Cybersecurity Analyst
"James Chen
Contact: james.chen@email.com | Phone: +1-446-630-3905

PROFESSIONAL SUMMARY:
Results-driven Cybersecurity Analyst with 12+ years of experience in developing and implementing threat analysis solutions.
Proficient in malware analysis, identity management, incident response with a strong track record of delivering high-quality projects on time.
Seeking to leverage expertise in security monitoring to drive innovation and business growth.

EDUCATION:
Bachelor of Science in Data Science
GPA: 3.92

TECHNICAL SKILLS:
threat analysis, malware analysis, identity management, incident response, security monitoring, risk assessment, vulnerability assessment, forensics

WORK EXPERIENCE:

Senior Cybersecurity Analyst at Tech Solutions Inc. (2018 - Present)
- Led development of scalable threat analysis solutions serving 1M+ users
- Implemented malware analysis architecture reducing processing time by 40%
- Collaborated with cross-functional teams using identity management methodologies
- Mentored junior developers and conducted code reviews

Cybersecurity Analyst at Digital Innovations Ltd. (2016 - 2019)
- Developed and maintained incident response applications with 99.9% uptime
- Optimized security monitoring performance achieving 3x throughput improvement
- Participated in scrum ceremonies and sprint planning
- Created technical documentation and API specifications

Junior Cybersecurity Analyst at StartUp Hub (2016 - 2015)
- Assisted in building threat analysis based tools for data processing
- Wrote unit tests achieving 90%+ code coverage
- Fixed bugs and improved application performance

CERTIFICATIONS:
- Certified Azure Practitioner
- Cybersecurity Analyst Professional Certification

PROJECTS:
- Built an end-to-end threat analysis pipeline processing 489K records daily
- Developed a malware analysis based dashboard for real-time monitoring",Cybersecurity Analyst
"David Sharma
Contact: david.sharma@email.com | Phone: +1-328-771-9792

PROFESSIONAL SUMMARY:
Results-driven Software Engineer with 2+ years of experience in developing and implementing debugging solutions.
Proficient in ci/cd, software development, algorithms with a strong track record of delivering high-quality projects on time.
Seeking to leverage expertise in rest api to drive innovation and business growth.

EDUCATION:
Bachelor of Engineering in Information Technology
GPA: 3.76

TECHNICAL SKILLS:
debugging, ci/cd, software development, algorithms, rest api, data structures, linux, git

WORK EXPERIENCE:

Senior Software Engineer at Tech Solutions Inc. (2018 - Present)
- Led development of scalable debugging solutions serving 1M+ users
- Implemented ci/cd architecture reducing processing time by 40%
- Collaborated with cross-functional teams using software development methodologies
- Mentored junior developers and conducted code reviews

Software Engineer at Digital Innovations Ltd. (2017 - 2021)
- Developed and maintained algorithms applications with 99.9% uptime
- Optimized rest api performance achieving 3x throughput improvement
- Participated in agile ceremonies and sprint planning
- Created technical documentation and API specifications

Junior Software Engineer at StartUp Hub (2015 - 2017)
- Assisted in building debugging based tools for data processing
- Wrote unit tests achieving 90%+ code coverage
- Fixed bugs and improved application performance

CERTIFICATIONS:
- Certified AWS Practitioner
- Software Engineer Professional Certification

PROJECTS:
- Built an end-to-end debugging pipeline processing 368K records daily
- Developed a ci/cd based dashboard for real-time monitoring",Software Engineer
"Priya Martinez
Contact: priya.martinez@email.com | Phone: +1-397-227-7103

PROFESSIONAL SUMMARY:
Results-driven Cybersecurity Analyst with 3+ years of experience in developing and implementing forensics solutions.
Proficient in nist, risk assessment, malware analysis with a strong track record of delivering high-quality projects on time.
Seeking to leverage expertise in encryption to drive innovation and business growth.

EDUCATION:
Bachelor of Engineering in Information Technology
GPA: 3.07

TECHNICAL SKILLS:
forensics, nist, risk assessment, malware analysis, encryption, network security, firewall, vulnerability assessment

WORK EXPERIENCE:

Senior Cybersecurity Analyst at Tech Solutions Inc. (2018 - Present)
- Led development of scalable forensics solutions serving 1M+ users
- Implemented nist architecture reducing processing time by 40%
- Collaborated with cross-functional teams using risk assessment methodologies
- Mentored junior developers and conducted code reviews

Cybersecurity Analyst at Digital Innovations Ltd. (2015 - 2018)
- Developed and maintained malware analysis applications with 99.9% uptime
- Optimized encryption performance achieving 3x throughput improvement
- Participated in kanban ceremonies and sprint planning
- Created technical documentation and API specifications

Junior Cybersecurity Analyst at StartUp Hub (2015 - 2015)
- Assisted in building forensics based tools for data processing
- Wrote unit tests achieving 90%+ code coverage
- Fixed bugs and improved application performance

CERTIFICATIONS:
- Certified Google Cloud Practitioner
- Cybersecurity Analyst Professional Certification

PROJECTS:
- Built an end-to-end forensics pipeline processing 325K records daily
- Developed a nist based dashboard for real-time monitoring",Cybersecurity Analyst
"Jane Martinez
Contact: jane.martinez@email.com | Phone: +1-204-695-6939

PROFESSIONAL SUMMARY:
Results-driven Software Engineer with 1+ years of experience in developing and implementing agile solutions.
Proficient in java, system design, scrum with a strong track record of delivering high-quality projects on time.
Seeking to leverage expertise in testing to drive innovation and business growth.

EDUCATION:
Master of Science in Computer Science
GPA: 3.23

TECHNICAL SKILLS:
agile, java, system design, scrum, testing, design patterns, debugging, python

WORK EXPERIENCE:

Senior Software Engineer at Tech Solutions Inc. (2023 - Present)
- Led development of scalable agile solutions serving 1M+ users
- Implemented java architecture reducing processing time by 40%
- Collaborated with cross-functional teams using system design methodologies
- Mentored junior developers and conducted code reviews

Software Engineer at Digital Innovations Ltd. (2015 - 2019)
- Developed and maintained scrum applications with 99.9% uptime
- Optimized testing performance achieving 3x throughput improvement
- Participated in scrum ceremonies and sprint planning
- Created technical documentation and API specifications

Junior Software Engineer at StartUp Hub (2015 - 2016)
- Assisted in building agile based tools for data processing
- Wrote unit tests achieving 90%+ code coverage
- Fixed bugs and improved application performance

CERTIFICATIONS:
- Certified Google Cloud Practitioner
- Software Engineer Professional Certification

PROJECTS:
- Built an end-to-end agile pipeline processing 233K records daily
- Developed a java based dashboard for real-time monitoring",Software Engineer
"Emily Smith
Contact: emily.smith@email.com | Phone: +1-735-640-9931

PROFESSIONAL SUMMARY:
Results-driven Software Engineer with 12+ years of experience in developing and implementing data structures solutions.
Proficient in documentation, system design, version control with a strong track record of delivering high-quality projects on time.
Seeking to leverage expertise in design patterns to drive innovation and business growth.

EDUCATION:
Master of Computer Applications
GPA: 3.04

TECHNICAL SKILLS:
data structures, documentation, system design, version control, design patterns, git, software development, code review

WORK EXPERIENCE:

Senior Software Engineer at Tech Solutions Inc. (2019 - Present)
- Led development of scalable data structures solutions serving 1M+ users
- Implemented documentation architecture reducing processing time by 40%
- Collaborated with cross-functional teams using system design methodologies
- Mentored junior developers and conducted code reviews

Software Engineer at Digital Innovations Ltd. (2015 - 2021)
- Developed and maintained version control applications with 99.9% uptime
- Optimized design patterns performance achieving 3x throughput improvement
- Participated in kanban ceremonies and sprint planning
- Created technical documentation and API specifications

Junior Software Engineer at StartUp Hub (2016 - 2015)
- Assisted in building data structures based tools for data processing
- Wrote unit tests achieving 90%+ code coverage
- Fixed bugs and improved application performance

CERTIFICATIONS:
- Certified Azure Practitioner
- Software Engineer Professional Certification

PROJECTS:
- Built an end-to-end data structures pipeline processing 469K records daily
- Developed a documentation based dashboard for real-time monitoring",Software Engineer
"Amit Sharma
Contact: amit.sharma@email.com | Phone: +1-438-254-8382

PROFESSIONAL SUMMARY:
Results-driven Mobile Developer with 7+ years of experience in developing and implementing mobile application solutions.
Proficient in gesture handling, react native, firebase with a strong track record of delivering high-quality projects on time.
Seeking to leverage expertise in android to drive innovation and business growth.

EDUCATION:
Bachelor of Science in Data Science
GPA: 3.29

TECHNICAL SKILLS:
mobile application, gesture handling, react native, firebase, android, debugging, swift, mobile ui

WORK EXPERIENCE:

Senior Mobile Developer at Tech Solutions Inc. (2024 - Present)
- Led development of scalable mobile application solutions serving 1M+ users
- Implemented gesture handling architecture reducing processing time by 40%
- Collaborated with cross-functional teams using react native methodologies
- Mentored junior developers and conducted code reviews

Mobile Developer at Digital Innovations Ltd. (2015 - 2020)
- Developed and maintained firebase applications with 99.9% uptime
- Optimized android performance achieving 3x throughput improvement
- Participated in kanban ceremonies and sprint planning
- Created technical documentation and API specifications

Junior Mobile Developer at StartUp Hub (2016 - 2019)
- Assisted in building mobile application based tools for data processing
- Wrote unit tests achieving 90%+ code coverage
- Fixed bugs and improved application performance

CERTIFICATIONS:
- Certified Azure Practitioner
- Mobile Developer Professional Certification

PROJECTS:
- Built an end-to-end mobile application pipeline processing 474K records daily
- Developed a gesture handling based dashboard for real-time monitoring",Mobile Developer
"James Martinez
Contact: james.martinez@email.com | Phone: +1-407-808-1067

PROFESSIONAL SUMMARY:
Results-driven Mobile Developer with 3+ years of experience in developing and implementing rest api solutions.
Proficient in git, firebase, android with a strong track record of delivering high-quality projects on time.
Seeking to leverage expertise in ios to drive innovation and business growth.

EDUCATION:
Bachelor of Engineering in Information Technology
GPA: 3.99

TECHNICAL SKILLS:
rest api, git, firebase, android, ios, mobile application, push notifications, mobile ui

WORK EXPERIENCE:

Senior Mobile Developer at Tech Solutions Inc. (2024 - Present)
- Led development of scalable rest api solutions serving 1M+ users
- Implemented git architecture reducing processing time by 40%
- Collaborated with cross-functional teams using firebase methodologies
- Mentored junior developers and conducted code reviews

Mobile Developer at Digital Innovations Ltd. (2017 - 2020)
- Developed and maintained android applications with 99.9% uptime
- Optimized ios performance achieving 3x throughput improvement
- Participated in scrum ceremonies and sprint planning
- Created technical documentation and API specifications

Junior Mobile Developer at StartUp Hub (2014 - 2019)
- Assisted in building rest api based tools for data processing
- Wrote unit tests achieving 90%+ code coverage
- Fixed bugs and improved application performance

CERTIFICATIONS:
- Certified Google Cloud Practitioner
- Mobile Developer Professional Certification

PROJECTS:
- Built an end-to-end rest api pipeline processing 162K records daily
- Developed a git based dashboard for real-time monitoring",Mobile Developer
"Jane Chen
Contact: jane.chen@email.com | Phone: +1-535-687-8795

PROFESSIONAL SUMMARY:
Results-driven Full Stack Developer with 12+ years of experience in developing and implementing html solutions.
Proficient in docker, frontend, rest api with a strong track record of delivering high-quality projects on time.
Seeking to leverage expertise in agile to drive innovation and business growth.

EDUCATION:
Master of Science in Computer Science
GPA: 3.3

TECHNICAL SKILLS:
html, docker, frontend, rest api, agile, mongodb, javascript, backend

WORK EXPERIENCE:

Senior Full Stack Developer at Tech Solutions Inc. (2019 - Present)
- Led development of scalable html solutions serving 1M+ users
- Implemented docker architecture reducing processing time by 40%
- Collaborated with cross-functional teams using frontend methodologies
- Mentored junior developers and conducted code reviews

Full Stack Developer at Digital Innovations Ltd. (2015 - 2024)
- Developed and maintained rest api applications with 99.9% uptime
- Optimized agile performance achieving 3x throughput improvement
- Participated in scrum ceremonies and sprint planning
- Created technical documentation and API specifications

Junior Full Stack Developer at StartUp Hub (2013 - 2017)
- Assisted in building html based tools for data processing
- Wrote unit tests achieving 90%+ code coverage
- Fixed bugs and improved application performance

CERTIFICATIONS:
- Certified Google Cloud Practitioner
- Full Stack Developer Professional Certification

PROJECTS:
- Built an end-to-end html pipeline processing 353K records daily
- Developed a docker based dashboard for real-time monitoring",Full Stack Developer
"David Sharma
Contact: david.sharma@email.com | Phone: +1-495-217-5627

PROFESSIONAL SUMMARY:
Results-driven Mobile Developer with 11+ years of experience in developing and implementing git solutions.
Proficient in react native, mobile ui, device compatibility with a strong track record of delivering high-quality projects on time.
Seeking to leverage expertise in agile to drive innovation and business growth.

EDUCATION:
Master of Technology in Software Engineering
GPA: 3.96

TECHNICAL SKILLS:
git, react native, mobile ui, device compatibility, agile, performance, sqlite, swift

WORK EXPERIENCE:

Senior Mobile Developer at Tech Solutions Inc. (2020 - Present)
- Led development of scalable git solutions serving 1M+ users
- Implemented react native architecture reducing processing time by 40%
- Collaborated with cross-functional teams using mobile ui methodologies
- Mentored junior developers and conducted code reviews

Mobile Developer at Digital Innovations Ltd. (2018 - 2019)
- Developed and maintained device compatibility applications with 99.9% uptime
- Optimized agile performance achieving 3x throughput improvement
- Participated in scrum ceremonies and sprint planning
- Created technical documentation and API specifications

Junior Mobile Developer at StartUp Hub (2017 - 2019)
- Assisted in building git based tools for data processing
- Wrote unit tests achieving 90%+ code coverage
- Fixed bugs and improved application performance

CERTIFICATIONS:
- Certified Azure Practitioner
- Mobile Developer Professional Certification

PROJECTS:
- Built an end-to-end git pipeline processing 302K records daily
- Developed a react native based dashboard for real-time monitoring",Mobile Developer
"David Kumar
Contact: david.kumar@email.com | Phone: +1-203-237-8398

PROFESSIONAL SUMMARY:
Results-driven Data Engineer with 8+ years of experience in developing and implementing data warehouse solutions.
Proficient in aws, etl, hadoop with a strong track record of delivering high-quality projects on time.
Seeking to leverage expertise in snowflake to drive innovation and business growth.

EDUCATION:
Master of Science in Computer Science
GPA: 3.72

TECHNICAL SKILLS:
data warehouse, aws, etl, hadoop, snowflake, python, big data, scala

WORK EXPERIENCE:

Senior Data Engineer at Tech Solutions Inc. (2021 - Present)
- Led development of scalable data warehouse solutions serving 1M+ users
- Implemented aws architecture reducing processing time by 40%
- Collaborated with cross-functional teams using etl methodologies
- Mentored junior developers and conducted code reviews

Data Engineer at Digital Innovations Ltd. (2017 - 2022)
- Developed and maintained hadoop applications with 99.9% uptime
- Optimized snowflake performance achieving 3x throughput improvement
- Participated in scrum ceremonies and sprint planning
- Created technical documentation and API specifications

Junior Data Engineer at StartUp Hub (2013 - 2017)
- Assisted in building data warehouse based tools for data processing
- Wrote unit tests achieving 90%+ code coverage
- Fixed bugs and improved application performance

CERTIFICATIONS:
- Certified AWS Practitioner
- Data Engineer Professional Certification

PROJECTS:
- Built an end-to-end data warehouse pipeline processing 220K records daily
- Developed a aws based dashboard for real-time monitoring",Data Engineer
"James Sharma
Contact: james.sharma@email.com | Phone: +1-354-666-7837

PROFESSIONAL SUMMARY:
Results-driven Mobile Developer with 13+ years of experience in developing and implementing rest api solutions.
Proficient in firebase, kotlin, gesture handling with a strong track record of delivering high-quality projects on time.
Seeking to leverage expertise in android to drive innovation and business growth.

EDUCATION:
Master of Science in Computer Science
GPA: 3.37

TECHNICAL SKILLS:
rest api, firebase, kotlin, gesture handling, android, push notifications, agile, flutter

WORK EXPERIENCE:

Senior Mobile Developer at Tech Solutions Inc. (2024 - Present)
- Led development of scalable rest api solutions serving 1M+ users
- Implemented firebase architecture reducing processing time by 40%
- Collaborated with cross-functional teams using kotlin methodologies
- Mentored junior developers and conducted code reviews

Mobile Developer at Digital Innovations Ltd. (2017 - 2022)
- Developed and maintained gesture handling applications with 99.9% uptime
- Optimized android performance achieving 3x throughput improvement
- Participated in agile ceremonies and sprint planning
- Created technical documentation and API specifications

Junior Mobile Developer at StartUp Hub (2013 - 2017)
- Assisted in building rest api based tools for data processing
- Wrote unit tests achieving 90%+ code coverage
- Fixed bugs and improved application performance

CERTIFICATIONS:
- Certified Google Cloud Practitioner
- Mobile Developer Professional Certification

PROJECTS:
- Built an end-to-end rest api pipeline processing 354K records daily
- Developed a firebase based dashboard for real-time monitoring",Mobile Developer
"Priya Jones
Contact: priya.jones@email.com | Phone: +1-270-279-4195

PROFESSIONAL SUMMARY:
Results-driven QA Engineer with 14+ years of experience in developing and implementing automation solutions.
Proficient in load testing, pytest, stlc with a strong track record of delivering high-quality projects on time.
Seeking to leverage expertise in jira to drive innovation and business growth.

EDUCATION:
Master of Computer Applications
GPA: 3.76

TECHNICAL SKILLS:
automation, load testing, pytest, stlc, jira, bug tracking, test cases, junit

WORK EXPERIENCE:

Senior QA Engineer at Tech Solutions Inc. (2022 - Present)
- Led development of scalable automation solutions serving 1M+ users
- Implemented load testing architecture reducing processing time by 40%
- Collaborated with cross-functional teams using pytest methodologies
- Mentored junior developers and conducted code reviews

QA Engineer at Digital Innovations Ltd. (2017 - 2024)
- Developed and maintained stlc applications with 99.9% uptime
- Optimized jira performance achieving 3x throughput improvement
- Participated in kanban ceremonies and sprint planning
- Created technical documentation and API specifications

Junior QA Engineer at StartUp Hub (2016 - 2017)
- Assisted in building automation based tools for data processing
- Wrote unit tests achieving 90%+ code coverage
- Fixed bugs and improved application performance

CERTIFICATIONS:
- Certified AWS Practitioner
- QA Engineer Professional Certification

PROJECTS:
- Built an end-to-end automation pipeline processing 115K records daily
- Developed a load testing based dashboard for real-time monitoring",QA Engineer
"Emily Garcia
Contact: emily.garcia@email.com | Phone: +1-969-713-4874

PROFESSIONAL SUMMARY:
Results-driven Frontend Developer with 2+ years of experience in developing and implementing progressive web apps solutions.
Proficient in cross browser, accessibility, performance optimization with a strong track record of delivering high-quality projects on time.
Seeking to leverage expertise in javascript to drive innovation and business growth.

EDUCATION:
Master of Technology in Software Engineering
GPA: 3.73

TECHNICAL SKILLS:
progressive web apps, cross browser, accessibility, performance optimization, javascript, sass, component library, user experience

WORK EXPERIENCE:

Senior Frontend Developer at Tech Solutions Inc. (2023 - Present)
- Led development of scalable progressive web apps solutions serving 1M+ users
- Implemented cross browser architecture reducing processing time by 40%
- Collaborated with cross-functional teams using accessibility methodologies
- Mentored junior developers and conducted code reviews

Frontend Developer at Digital Innovations Ltd. (2018 - 2023)
- Developed and maintained performance optimization applications with 99.9% uptime
- Optimized javascript performance achieving 3x throughput improvement
- Participated in scrum ceremonies and sprint planning
- Created technical documentation and API specifications

Junior Frontend Developer at StartUp Hub (2016 - 2019)
- Assisted in building progressive web apps based tools for data processing
- Wrote unit tests achieving 90%+ code coverage
- Fixed bugs and improved application performance

CERTIFICATIONS:
- Certified AWS Practitioner
- Frontend Developer Professional Certification

PROJECTS:
- Built an end-to-end progressive web apps pipeline processing 486K records daily
- Developed a cross browser based dashboard for real-time monitoring",Frontend Developer
"David Williams
Contact: david.williams@email.com | Phone: +1-922-761-5644

PROFESSIONAL SUMMARY:
Results-driven Database Administrator with 12+ years of experience in developing and implementing er diagram solutions.
Proficient in query optimization, sql, recovery with a strong track record of delivering high-quality projects on time.
Seeking to leverage expertise in mongodb to drive innovation and business growth.

EDUCATION:
Master of Science in Computer Science
GPA: 4.0

TECHNICAL SKILLS:
er diagram, query optimization, sql, recovery, mongodb, postgresql, data security, replication

WORK EXPERIENCE:

Senior Database Administrator at Tech Solutions Inc. (2018 - Present)
- Led development of scalable er diagram solutions serving 1M+ users
- Implemented query optimization architecture reducing processing time by 40%
- Collaborated with cross-functional teams using sql methodologies
- Mentored junior developers and conducted code reviews

Database Administrator at Digital Innovations Ltd. (2017 - 2020)
- Developed and maintained recovery applications with 99.9% uptime
- Optimized mongodb performance achieving 3x throughput improvement
- Participated in scrum ceremonies and sprint planning
- Created technical documentation and API specifications

Junior Database Administrator at StartUp Hub (2015 - 2017)
- Assisted in building er diagram based tools for data processing
- Wrote unit tests achieving 90%+ code coverage
- Fixed bugs and improved application performance

CERTIFICATIONS:
- Certified AWS Practitioner
- Database Administrator Professional Certification

PROJECTS:
- Built an end-to-end er diagram pipeline processing 102K records daily
- Developed a query optimization based dashboard for real-time monitoring",Database Administrator
"Lisa Patel
Contact: lisa.patel@email.com | Phone: +1-211-225-1139

PROFESSIONAL SUMMARY:
Results-driven Cloud Engineer with 1+ years of experience in developing and implementing aws solutions.
Proficient in networking, load balancer, infrastructure as code with a strong track record of delivering high-quality projects on time.
Seeking to leverage expertise in iam to drive innovation and business growth.

EDUCATION:
Bachelor of Technology in Computer Science
GPA: 3.62

TECHNICAL SKILLS:
aws, networking, load balancer, infrastructure as code, iam, cloud migration, vpc, monitoring

WORK EXPERIENCE:

Senior Cloud Engineer at Tech Solutions Inc. (2018 - Present)
- Led development of scalable aws solutions serving 1M+ users
- Implemented networking architecture reducing processing time by 40%
- Collaborated with cross-functional teams using load balancer methodologies
- Mentored junior developers and conducted code reviews

Cloud Engineer at Digital Innovations Ltd. (2019 - 2018)
- Developed and maintained infrastructure as code applications with 99.9% uptime
- Optimized iam performance achieving 3x throughput improvement
- Participated in scrum ceremonies and sprint planning
- Created technical documentation and API specifications

Junior Cloud Engineer at StartUp Hub (2017 - 2017)
- Assisted in building aws based tools for data processing
- Wrote unit tests achieving 90%+ code coverage
- Fixed bugs and improved application performance

CERTIFICATIONS:
- Certified AWS Practitioner
- Cloud Engineer Professional Certification

PROJECTS:
- Built an end-to-end aws pipeline processing 327K records daily
- Developed a networking based dashboard for real-time monitoring",Cloud Engineer
"Sneha Sharma
Contact: sneha.sharma@email.com | Phone: +1-759-990-2271

PROFESSIONAL SUMMARY:
Results-driven Cloud Engineer with 6+ years of experience in developing and implementing serverless solutions.
Proficient in kubernetes, cloudformation, auto scaling with a strong track record of delivering high-quality projects on time.
Seeking to leverage expertise in networking to drive innovation and business growth.

EDUCATION:
Bachelor of Engineering in Information Technology
GPA: 3.59

TECHNICAL SKILLS:
serverless, kubernetes, cloudformation, auto scaling, networking, iam, cloud migration, terraform

WORK EXPERIENCE:

Senior Cloud Engineer at Tech Solutions Inc. (2019 - Present)
- Led development of scalable serverless solutions serving 1M+ users
- Implemented kubernetes architecture reducing processing time by 40%
- Collaborated with cross-functional teams using cloudformation methodologies
- Mentored junior developers and conducted code reviews

Cloud Engineer at Digital Innovations Ltd. (2015 - 2022)
- Developed and maintained auto scaling applications with 99.9% uptime
- Optimized networking performance achieving 3x throughput improvement
- Participated in agile ceremonies and sprint planning
- Created technical documentation and API specifications

Junior Cloud Engineer at StartUp Hub (2013 - 2019)
- Assisted in building serverless based tools for data processing
- Wrote unit tests achieving 90%+ code coverage
- Fixed bugs and improved application performance

CERTIFICATIONS:
- Certified Google Cloud Practitioner
- Cloud Engineer Professional Certification

PROJECTS:
- Built an end-to-end serverless pipeline processing 314K records daily
- Developed a kubernetes based dashboard for real-time monitoring",Cloud Engineer
"David Sharma
Contact: david.sharma@email.com | Phone: +1-339-891-1545

PROFESSIONAL SUMMARY:
Results-driven Full Stack Developer with 6+ years of experience in developing and implementing mongodb solutions.
Proficient in aws, django, database with a strong track record of delivering high-quality projects on time.
Seeking to leverage expertise in postgresql to drive innovation and business growth.

EDUCATION:
Bachelor of Technology in Computer Science
GPA: 3.06

TECHNICAL SKILLS:
mongodb, aws, django, database, postgresql, node.js, backend, agile

WORK EXPERIENCE:

Senior Full Stack Developer at Tech Solutions Inc. (2019 - Present)
- Led development of scalable mongodb solutions serving 1M+ users
- Implemented aws architecture reducing processing time by 40%
- Collaborated with cross-functional teams using django methodologies
- Mentored junior developers and conducted code reviews

Full Stack Developer at Digital Innovations Ltd. (2015 - 2022)
- Developed and maintained database applications with 99.9% uptime
- Optimized postgresql performance achieving 3x throughput improvement
- Participated in scrum ceremonies and sprint planning
- Created technical documentation and API specifications

Junior Full Stack Developer at StartUp Hub (2017 - 2017)
- Assisted in building mongodb based tools for data processing
- Wrote unit tests achieving 90%+ code coverage
- Fixed bugs and improved application performance

CERTIFICATIONS:
- Certified AWS Practitioner
- Full Stack Developer Professional Certification

PROJECTS:
- Built an end-to-end mongodb pipeline processing 268K records daily
- Developed a aws based dashboard for real-time monitoring",Full Stack Developer
"Maria Jones
Contact: maria.jones@email.com | Phone: +1-330-698-2753

PROFESSIONAL SUMMARY:
Results-driven Backend Developer with 2+ years of experience in developing and implementing python solutions.
Proficient in docker, postgresql, authorization with a strong track record of delivering high-quality projects on time.
Seeking to leverage expertise in authentication to drive innovation and business growth.

EDUCATION:
Bachelor of Science in Data Science
GPA: 3.19

TECHNICAL SKILLS:
python, docker, postgresql, authorization, authentication, java, microservices, middleware

WORK EXPERIENCE:

Senior Backend Developer at Tech Solutions Inc. (2018 - Present)
- Led development of scalable python solutions serving 1M+ users
- Implemented docker architecture reducing processing time by 40%
- Collaborated with cross-functional teams using postgresql methodologies
- Mentored junior developers and conducted code reviews

Backend Developer at Digital Innovations Ltd. (2017 - 2020)
- Developed and maintained authorization applications with 99.9% uptime
- Optimized authentication performance achieving 3x throughput improvement
- Participated in agile ceremonies and sprint planning
- Created technical documentation and API specifications

Junior Backend Developer at StartUp Hub (2017 - 2018)
- Assisted in building python based tools for data processing
- Wrote unit tests achieving 90%+ code coverage
- Fixed bugs and improved application performance

CERTIFICATIONS:
- Certified AWS Practitioner
- Backend Developer Professional Certification

PROJECTS:
- Built an end-to-end python pipeline processing 454K records daily
- Developed a docker based dashboard for real-time monitoring",Backend Developer
"Robert Kumar
Contact: robert.kumar@email.com | Phone: +1-234-581-1727

PROFESSIONAL SUMMARY:
Results-driven Machine Learning Engineer with 9+ years of experience in developing and implementing distributed computing solutions.
Proficient in mlops, machine learning, data pipeline with a strong track record of delivering high-quality projects on time.
Seeking to leverage expertise in reinforcement learning to drive innovation and business growth.

EDUCATION:
Master of Technology in Software Engineering
GPA: 3.96

TECHNICAL SKILLS:
distributed computing, mlops, machine learning, data pipeline, reinforcement learning, feature engineering, pytorch, scikit-learn

WORK EXPERIENCE:

Senior Machine Learning Engineer at Tech Solutions Inc. (2022 - Present)
- Led development of scalable distributed computing solutions serving 1M+ users
- Implemented mlops architecture reducing processing time by 40%
- Collaborated with cross-functional teams using machine learning methodologies
- Mentored junior developers and conducted code reviews

Machine Learning Engineer at Digital Innovations Ltd. (2018 - 2023)
- Developed and maintained data pipeline applications with 99.9% uptime
- Optimized reinforcement learning performance achieving 3x throughput improvement
- Participated in scrum ceremonies and sprint planning
- Created technical documentation and API specifications

Junior Machine Learning Engineer at StartUp Hub (2013 - 2017)
- Assisted in building distributed computing based tools for data processing
- Wrote unit tests achieving 90%+ code coverage
- Fixed bugs and improved application performance

CERTIFICATIONS:
- Certified Azure Practitioner
- Machine Learning Engineer Professional Certification

PROJECTS:
- Built an end-to-end distributed computing pipeline processing 317K records daily
- Developed a mlops based dashboard for real-time monitoring",Machine Learning Engineer
"Robert Martinez
Contact: robert.martinez@email.com | Phone: +1-465-309-5658

PROFESSIONAL SUMMARY:
Results-driven Machine Learning Engineer with 2+ years of experience in developing and implementing reinforcement learning solutions.
Proficient in distributed computing, data pipeline, mlops with a strong track record of delivering high-quality projects on time.
Seeking to leverage expertise in model training to drive innovation and business growth.

EDUCATION:
Bachelor of Engineering in Information Technology
GPA: 3.91

TECHNICAL SKILLS:
reinforcement learning, distributed computing, data pipeline, mlops, model training, hyperparameter tuning, gpu, nlp

WORK EXPERIENCE:

Senior Machine Learning Engineer at Tech Solutions Inc. (2018 - Present)
- Led development of scalable reinforcement learning solutions serving 1M+ users
- Implemented distributed computing architecture reducing processing time by 40%
- Collaborated with cross-functional teams using data pipeline methodologies
- Mentored junior developers and conducted code reviews

Machine Learning Engineer at Digital Innovations Ltd. (2018 - 2020)
- Developed and maintained mlops applications with 99.9% uptime
- Optimized model training performance achieving 3x throughput improvement
- Participated in scrum ceremonies and sprint planning
- Created technical documentation and API specifications

Junior Machine Learning Engineer at StartUp Hub (2015 - 2019)
- Assisted in building reinforcement learning based tools for data processing
- Wrote unit tests achieving 90%+ code coverage
- Fixed bugs and improved application performance

CERTIFICATIONS:
- Certified Azure Practitioner
- Machine Learning Engineer Professional Certification

PROJECTS:
- Built an end-to-end reinforcement learning pipeline processing 102K records daily
- Developed a distributed computing based dashboard for real-time monitoring",Machine Learning Engineer
"Rahul Johnson
Contact: rahul.johnson@email.com | Phone: +1-691-681-3743

PROFESSIONAL SUMMARY:
Results-driven Software Engineer with 11+ years of experience in developing and implementing ci/cd solutions.
Proficient in linux, system design, software development with a strong track record of delivering high-quality projects on time.
Seeking to leverage expertise in design patterns to drive innovation and business growth.

EDUCATION:
Master of Technology in Software Engineering
GPA: 3.71

TECHNICAL SKILLS:
ci/cd, linux, system design, software development, design patterns, code review, documentation, git

WORK EXPERIENCE:

Senior Software Engineer at Tech Solutions Inc. (2019 - Present)
- Led development of scalable ci/cd solutions serving 1M+ users
- Implemented linux architecture reducing processing time by 40%
- Collaborated with cross-functional teams using system design methodologies
- Mentored junior developers and conducted code reviews

Software Engineer at Digital Innovations Ltd. (2015 - 2021)
- Developed and maintained software development applications with 99.9% uptime
- Optimized design patterns performance achieving 3x throughput improvement
- Participated in kanban ceremonies and sprint planning
- Created technical documentation and API specifications

Junior Software Engineer at StartUp Hub (2017 - 2015)
- Assisted in building ci/cd based tools for data processing
- Wrote unit tests achieving 90%+ code coverage
- Fixed bugs and improved application performance

CERTIFICATIONS:
- Certified Azure Practitioner
- Software Engineer Professional Certification

PROJECTS:
- Built an end-to-end ci/cd pipeline processing 28K records daily
- Developed a linux based dashboard for real-time monitoring",Software Engineer
"John Johnson
Contact: john.johnson@email.com | Phone: +1-725-620-3599

PROFESSIONAL SUMMARY:
Results-driven DevOps Engineer with 3+ years of experience in developing and implementing ansible solutions.
Proficient in linux, microservices, infrastructure with a strong track record of delivering high-quality projects on time.
Seeking to leverage expertise in monitoring to drive innovation and business growth.

EDUCATION:
Bachelor of Technology in Computer Science
GPA: 3.7

TECHNICAL SKILLS:
ansible, linux, microservices, infrastructure, monitoring, bash scripting, docker, automation

WORK EXPERIENCE:

Senior DevOps Engineer at Tech Solutions Inc. (2018 - Present)
- Led development of scalable ansible solutions serving 1M+ users
- Implemented linux architecture reducing processing time by 40%
- Collaborated with cross-functional teams using microservices methodologies
- Mentored junior developers and conducted code reviews

DevOps Engineer at Digital Innovations Ltd. (2015 - 2023)
- Developed and maintained infrastructure applications with 99.9% uptime
- Optimized monitoring performance achieving 3x throughput improvement
- Participated in scrum ceremonies and sprint planning
- Created technical documentation and API specifications

Junior DevOps Engineer at StartUp Hub (2015 - 2018)
- Assisted in building ansible based tools for data processing
- Wrote unit tests achieving 90%+ code coverage
- Fixed bugs and improved application performance

CERTIFICATIONS:
- Certified Azure Practitioner
- DevOps Engineer Professional Certification

PROJECTS:
- Built an end-to-end ansible pipeline processing 451K records daily
- Developed a linux based dashboard for real-time monitoring",DevOps Engineer
"James Sharma
Contact: james.sharma@email.com | Phone: +1-862-282-7238

PROFESSIONAL SUMMARY:
Results-driven Java Developer with 3+ years of experience in developing and implementing hibernate solutions.
Proficient in restful api, multithreading, microservices with a strong track record of delivering high-quality projects on time.
Seeking to leverage expertise in oracle to drive innovation and business growth.

EDUCATION:
Bachelor of Technology in Computer Science
GPA: 3.4

TECHNICAL SKILLS:
hibernate, restful api, multithreading, microservices, oracle, spring boot, stream api, object oriented

WORK EXPERIENCE:

Senior Java Developer at Tech Solutions Inc. (2021 - Present)
- Led development of scalable hibernate solutions serving 1M+ users
- Implemented restful api architecture reducing processing time by 40%
- Collaborated with cross-functional teams using multithreading methodologies
- Mentored junior developers and conducted code reviews

Java Developer at Digital Innovations Ltd. (2018 - 2018)
- Developed and maintained microservices applications with 99.9% uptime
- Optimized oracle performance achieving 3x throughput improvement
- Participated in kanban ceremonies and sprint planning
- Created technical documentation and API specifications

Junior Java Developer at StartUp Hub (2015 - 2017)
- Assisted in building hibernate based tools for data processing
- Wrote unit tests achieving 90%+ code coverage
- Fixed bugs and improved application performance

CERTIFICATIONS:
- Certified AWS Practitioner
- Java Developer Professional Certification

PROJECTS:
- Built an end-to-end hibernate pipeline processing 169K records daily
- Developed a restful api based dashboard for real-time monitoring",Java Developer
"Alex Miller
Contact: alex.miller@email.com | Phone: +1-693-604-5570

PROFESSIONAL SUMMARY:
Results-driven Software Engineer with 14+ years of experience in developing and implementing scrum solutions.
Proficient in python, code review, software development with a strong track record of delivering high-quality projects on time.
Seeking to leverage expertise in design patterns to drive innovation and business growth.

EDUCATION:
Master of Technology in Software Engineering
GPA: 3.07

TECHNICAL SKILLS:
scrum, python, code review, software development, design patterns, version control, algorithms, agile

WORK EXPERIENCE:

Senior Software Engineer at Tech Solutions Inc. (2024 - Present)
- Led development of scalable scrum solutions serving 1M+ users
- Implemented python architecture reducing processing time by 40%
- Collaborated with cross-functional teams using code review methodologies
- Mentored junior developers and conducted code reviews

Software Engineer at Digital Innovations Ltd. (2017 - 2022)
- Developed and maintained software development applications with 99.9% uptime
- Optimized design patterns performance achieving 3x throughput improvement
- Participated in agile ceremonies and sprint planning
- Created technical documentation and API specifications

Junior Software Engineer at StartUp Hub (2015 - 2017)
- Assisted in building scrum based tools for data processing
- Wrote unit tests achieving 90%+ code coverage
- Fixed bugs and improved application performance

CERTIFICATIONS:
- Certified Google Cloud Practitioner
- Software Engineer Professional Certification

PROJECTS:
- Built an end-to-end scrum pipeline processing 198K records daily
- Developed a python based dashboard for real-time monitoring",Software Engineer
"Sneha Davis
Contact: sneha.davis@email.com | Phone: +1-334-149-3387

PROFESSIONAL SUMMARY:
Results-driven Network Engineer with 3+ years of experience in developing and implementing vlan solutions.
Proficient in troubleshooting, bgp, switching with a strong track record of delivering high-quality projects on time.
Seeking to leverage expertise in dns to drive innovation and business growth.

EDUCATION:
Master of Science in Computer Science
GPA: 3.7

TECHNICAL SKILLS:
vlan, troubleshooting, bgp, switching, dns, routing, infrastructure, firewall

WORK EXPERIENCE:

Senior Network Engineer at Tech Solutions Inc. (2020 - Present)
- Led development of scalable vlan solutions serving 1M+ users
- Implemented troubleshooting architecture reducing processing time by 40%
- Collaborated with cross-functional teams using bgp methodologies
- Mentored junior developers and conducted code reviews

Network Engineer at Digital Innovations Ltd. (2015 - 2022)
- Developed and maintained switching applications with 99.9% uptime
- Optimized dns performance achieving 3x throughput improvement
- Participated in agile ceremonies and sprint planning
- Created technical documentation and API specifications

Junior Network Engineer at StartUp Hub (2013 - 2019)
- Assisted in building vlan based tools for data processing
- Wrote unit tests achieving 90%+ code coverage
- Fixed bugs and improved application performance

CERTIFICATIONS:
- Certified Azure Practitioner
- Network Engineer Professional Certification

PROJECTS:
- Built an end-to-end vlan pipeline processing 305K records daily
- Developed a troubleshooting based dashboard for real-time monitoring",Network Engineer
"James Miller
Contact: james.miller@email.com | Phone: +1-278-757-1918

PROFESSIONAL SUMMARY:
Results-driven Cybersecurity Analyst with 13+ years of experience in developing and implementing malware analysis solutions.
Proficient in vulnerability assessment, network security, soc with a strong track record of delivering high-quality projects on time.
Seeking to leverage expertise in owasp to drive innovation and business growth.

EDUCATION:
Master of Science in Computer Science
GPA: 3.67

TECHNICAL SKILLS:
malware analysis, vulnerability assessment, network security, soc, owasp, firewall, identity management, nist

WORK EXPERIENCE:

Senior Cybersecurity Analyst at Tech Solutions Inc. (2023 - Present)
- Led development of scalable malware analysis solutions serving 1M+ users
- Implemented vulnerability assessment architecture reducing processing time by 40%
- Collaborated with cross-functional teams using network security methodologies
- Mentored junior developers and conducted code reviews

Cybersecurity Analyst at Digital Innovations Ltd. (2016 - 2019)
- Developed and maintained soc applications with 99.9% uptime
- Optimized owasp performance achieving 3x throughput improvement
- Participated in scrum ceremonies and sprint planning
- Created technical documentation and API specifications

Junior Cybersecurity Analyst at StartUp Hub (2016 - 2017)
- Assisted in building malware analysis based tools for data processing
- Wrote unit tests achieving 90%+ code coverage
- Fixed bugs and improved application performance

CERTIFICATIONS:
- Certified Google Cloud Practitioner
- Cybersecurity Analyst Professional Certification

PROJECTS:
- Built an end-to-end malware analysis pipeline processing 257K records daily
- Developed a vulnerability assessment based dashboard for real-time monitoring",Cybersecurity Analyst
"Alex Davis
Contact: alex.davis@email.com | Phone: +1-487-953-2686

PROFESSIONAL SUMMARY:
Results-driven Data Scientist with 14+ years of experience in developing and implementing pandas solutions.
Proficient in scikit-learn, predictive modeling, data analysis with a strong track record of delivering high-quality projects on time.
Seeking to leverage expertise in natural language processing to drive innovation and business growth.

EDUCATION:
Master of Science in Computer Science
GPA: 3.14

TECHNICAL SKILLS:
pandas, scikit-learn, predictive modeling, data analysis, natural language processing, deep learning, jupyter, classification

WORK EXPERIENCE:

Senior Data Scientist at Tech Solutions Inc. (2020 - Present)
- Led development of scalable pandas solutions serving 1M+ users
- Implemented scikit-learn architecture reducing processing time by 40%
- Collaborated with cross-functional teams using predictive modeling methodologies
- Mentored junior developers and conducted code reviews

Data Scientist at Digital Innovations Ltd. (2016 - 2019)
- Developed and maintained data analysis applications with 99.9% uptime
- Optimized natural language processing performance achieving 3x throughput improvement
- Participated in scrum ceremonies and sprint planning
- Created technical documentation and API specifications

Junior Data Scientist at StartUp Hub (2013 - 2015)
- Assisted in building pandas based tools for data processing
- Wrote unit tests achieving 90%+ code coverage
- Fixed bugs and improved application performance

CERTIFICATIONS:
- Certified AWS Practitioner
- Data Scientist Professional Certification

PROJECTS:
- Built an end-to-end pandas pipeline processing 308K records daily
- Developed a scikit-learn based dashboard for real-time monitoring",Data Scientist
"Priya Jones
Contact: priya.jones@email.com | Phone: +1-211-338-1560

PROFESSIONAL SUMMARY:
Results-driven Frontend Developer with 4+ years of experience in developing and implementing accessibility solutions.
Proficient in user experience, vue.js, angular with a strong track record of delivering high-quality projects on time.
Seeking to leverage expertise in less to drive innovation and business growth.

EDUCATION:
Master of Science in Computer Science
GPA: 3.12

TECHNICAL SKILLS:
accessibility, user experience, vue.js, angular, less, responsive, webpack, progressive web apps

WORK EXPERIENCE:

Senior Frontend Developer at Tech Solutions Inc. (2019 - Present)
- Led development of scalable accessibility solutions serving 1M+ users
- Implemented user experience architecture reducing processing time by 40%
- Collaborated with cross-functional teams using vue.js methodologies
- Mentored junior developers and conducted code reviews

Frontend Developer at Digital Innovations Ltd. (2019 - 2020)
- Developed and maintained angular applications with 99.9% uptime
- Optimized less performance achieving 3x throughput improvement
- Participated in scrum ceremonies and sprint planning
- Created technical documentation and API specifications

Junior Frontend Developer at StartUp Hub (2014 - 2017)
- Assisted in building accessibility based tools for data processing
- Wrote unit tests achieving 90%+ code coverage
- Fixed bugs and improved application performance

CERTIFICATIONS:
- Certified Google Cloud Practitioner
- Frontend Developer Professional Certification

PROJECTS:
- Built an end-to-end accessibility pipeline processing 445K records daily
- Developed a user experience based dashboard for real-time monitoring",Frontend Developer
"Robert Sharma
Contact: robert.sharma@email.com | Phone: +1-618-705-8984

PROFESSIONAL SUMMARY:
Results-driven Java Developer with 8+ years of experience in developing and implementing jdbc solutions.
Proficient in junit, collections, lambda with a strong track record of delivering high-quality projects on time.
Seeking to leverage expertise in object oriented to drive innovation and business growth.

EDUCATION:
Master of Computer Applications
GPA: 3.85

TECHNICAL SKILLS:
jdbc, junit, collections, lambda, object oriented, concurrency, restful api, stream api

WORK EXPERIENCE:

Senior Java Developer at Tech Solutions Inc. (2021 - Present)
- Led development of scalable jdbc solutions serving 1M+ users
- Implemented junit architecture reducing processing time by 40%
- Collaborated with cross-functional teams using collections methodologies
- Mentored junior developers and conducted code reviews

Java Developer at Digital Innovations Ltd. (2018 - 2019)
- Developed and maintained lambda applications with 99.9% uptime
- Optimized object oriented performance achieving 3x throughput improvement
- Participated in scrum ceremonies and sprint planning
- Created technical documentation and API specifications

Junior Java Developer at StartUp Hub (2017 - 2017)
- Assisted in building jdbc based tools for data processing
- Wrote unit tests achieving 90%+ code coverage
- Fixed bugs and improved application performance

CERTIFICATIONS:
- Certified AWS Practitioner
- Java Developer Professional Certification

PROJECTS:
- Built an end-to-end jdbc pipeline processing 427K records daily
- Developed a junit based dashboard for real-time monitoring",Java Developer
"John Rodriguez
Contact: john.rodriguez@email.com | Phone: +1-316-233-3105

PROFESSIONAL SUMMARY:
Results-driven Web Developer with 8+ years of experience in developing and implementing node.js solutions.
Proficient in web applications, git, sass with a strong track record of delivering high-quality projects on time.
Seeking to leverage expertise in typescript to drive innovation and business growth.

EDUCATION:
Bachelor of Technology in Computer Science
GPA: 3.01

TECHNICAL SKILLS:
node.js, web applications, git, sass, typescript, angular, cross browser, html

WORK EXPERIENCE:

Senior Web Developer at Tech Solutions Inc. (2022 - Present)
- Led development of scalable node.js solutions serving 1M+ users
- Implemented web applications architecture reducing processing time by 40%
- Collaborated with cross-functional teams using git methodologies
- Mentored junior developers and conducted code reviews

Web Developer at Digital Innovations Ltd. (2019 - 2024)
- Developed and maintained sass applications with 99.9% uptime
- Optimized typescript performance achieving 3x throughput improvement
- Participated in agile ceremonies and sprint planning
- Created technical documentation and API specifications

Junior Web Developer at StartUp Hub (2017 - 2017)
- Assisted in building node.js based tools for data processing
- Wrote unit tests achieving 90%+ code coverage
- Fixed bugs and improved application performance

CERTIFICATIONS:
- Certified AWS Practitioner
- Web Developer Professional Certification

PROJECTS:
- Built an end-to-end node.js pipeline processing 173K records daily
- Developed a web applications based dashboard for real-time monitoring",Web Developer
"Robert Sharma
Contact: robert.sharma@email.com | Phone: +1-651-711-3224

PROFESSIONAL SUMMARY:
Results-driven Data Analyst with 2+ years of experience in developing and implementing vlookup solutions.
Proficient in trend analysis, dashboard, sql with a strong track record of delivering high-quality projects on time.
Seeking to leverage expertise in tableau to drive innovation and business growth.

EDUCATION:
Master of Technology in Software Engineering
GPA: 3.38

TECHNICAL SKILLS:
vlookup, trend analysis, dashboard, sql, tableau, power bi, reporting, pivot tables

WORK EXPERIENCE:

Senior Data Analyst at Tech Solutions Inc. (2021 - Present)
- Led development of scalable vlookup solutions serving 1M+ users
- Implemented trend analysis architecture reducing processing time by 40%
- Collaborated with cross-functional teams using dashboard methodologies
- Mentored junior developers and conducted code reviews

Data Analyst at Digital Innovations Ltd. (2017 - 2022)
- Developed and maintained sql applications with 99.9% uptime
- Optimized tableau performance achieving 3x throughput improvement
- Participated in agile ceremonies and sprint planning
- Created technical documentation and API specifications

Junior Data Analyst at StartUp Hub (2014 - 2016)
- Assisted in building vlookup based tools for data processing
- Wrote unit tests achieving 90%+ code coverage
- Fixed bugs and improved application performance

CERTIFICATIONS:
- Certified AWS Practitioner
- Data Analyst Professional Certification

PROJECTS:
- Built an end-to-end vlookup pipeline processing 426K records daily
- Developed a trend analysis based dashboard for real-time monitoring",Data Analyst
"David Davis
Contact: david.davis@email.com | Phone: +1-730-679-2241

PROFESSIONAL SUMMARY:
Results-driven Frontend Developer with 12+ years of experience in developing and implementing angular solutions.
Proficient in react, html, user experience with a strong track record of delivering high-quality projects on time.
Seeking to leverage expertise in performance optimization to drive innovation and business growth.

EDUCATION:
Master of Computer Applications
GPA: 3.34

TECHNICAL SKILLS:
angular, react, html, user experience, performance optimization, responsive, sass, less

WORK EXPERIENCE:

Senior Frontend Developer at Tech Solutions Inc. (2024 - Present)
- Led development of scalable angular solutions serving 1M+ users
- Implemented react architecture reducing processing time by 40%
- Collaborated with cross-functional teams using html methodologies
- Mentored junior developers and conducted code reviews

Frontend Developer at Digital Innovations Ltd. (2019 - 2023)
- Developed and maintained user experience applications with 99.9% uptime
- Optimized performance optimization performance achieving 3x throughput improvement
- Participated in agile ceremonies and sprint planning
- Created technical documentation and API specifications

Junior Frontend Developer at StartUp Hub (2013 - 2018)
- Assisted in building angular based tools for data processing
- Wrote unit tests achieving 90%+ code coverage
- Fixed bugs and improved application performance

CERTIFICATIONS:
- Certified Google Cloud Practitioner
- Frontend Developer Professional Certification

PROJECTS:
- Built an end-to-end angular pipeline processing 82K records daily
- Developed a react based dashboard for real-time monitoring",Frontend Developer
"Sarah Miller
Contact: sarah.miller@email.com | Phone: +1-709-807-9737

PROFESSIONAL SUMMARY:
Results-driven Frontend Developer with 5+ years of experience in developing and implementing cross browser solutions.
Proficient in user experience, responsive, angular with a strong track record of delivering high-quality projects on time.
Seeking to leverage expertise in javascript to drive innovation and business growth.

EDUCATION:
Master of Science in Computer Science
GPA: 3.32

TECHNICAL SKILLS:
cross browser, user experience, responsive, angular, javascript, component library, react, redux

WORK EXPERIENCE:

Senior Frontend Developer at Tech Solutions Inc. (2021 - Present)
- Led development of scalable cross browser solutions serving 1M+ users
- Implemented user experience architecture reducing processing time by 40%
- Collaborated with cross-functional teams using responsive methodologies
- Mentored junior developers and conducted code reviews

Frontend Developer at Digital Innovations Ltd. (2016 - 2020)
- Developed and maintained angular applications with 99.9% uptime
- Optimized javascript performance achieving 3x throughput improvement
- Participated in agile ceremonies and sprint planning
- Created technical documentation and API specifications

Junior Frontend Developer at StartUp Hub (2017 - 2018)
- Assisted in building cross browser based tools for data processing
- Wrote unit tests achieving 90%+ code coverage
- Fixed bugs and improved application performance

CERTIFICATIONS:
- Certified AWS Practitioner
- Frontend Developer Professional Certification

PROJECTS:
- Built an end-to-end cross browser pipeline processing 431K records daily
- Developed a user experience based dashboard for real-time monitoring",Frontend Developer
"Maria Brown
Contact: maria.brown@email.com | Phone: +1-585-486-8280

PROFESSIONAL SUMMARY:
Results-driven Data Scientist with 12+ years of experience in developing and implementing data mining solutions.
Proficient in clustering, research, big data with a strong track record of delivering high-quality projects on time.
Seeking to leverage expertise in pandas to drive innovation and business growth.

EDUCATION:
Master of Computer Applications
GPA: 3.15

TECHNICAL SKILLS:
data mining, clustering, research, big data, pandas, regression, python, deep learning

WORK EXPERIENCE:

Senior Data Scientist at Tech Solutions Inc. (2018 - Present)
- Led development of scalable data mining solutions serving 1M+ users
- Implemented clustering architecture reducing processing time by 40%
- Collaborated with cross-functional teams using research methodologies
- Mentored junior developers and conducted code reviews

Data Scientist at Digital Innovations Ltd. (2017 - 2018)
- Developed and maintained big data applications with 99.9% uptime
- Optimized pandas performance achieving 3x throughput improvement
- Participated in scrum ceremonies and sprint planning
- Created technical documentation and API specifications

Junior Data Scientist at StartUp Hub (2014 - 2018)
- Assisted in building data mining based tools for data processing
- Wrote unit tests achieving 90%+ code coverage
- Fixed bugs and improved application performance

CERTIFICATIONS:
- Certified Azure Practitioner
- Data Scientist Professional Certification

PROJECTS:
- Built an end-to-end data mining pipeline processing 352K records daily
- Developed a clustering based dashboard for real-time monitoring",Data Scientist
"Robert Brown
Contact: robert.brown@email.com | Phone: +1-711-839-2394

PROFESSIONAL SUMMARY:
Results-driven Database Administrator with 10+ years of experience in developing and implementing mysql solutions.
Proficient in er diagram, oracle, replication with a strong track record of delivering high-quality projects on time.
Seeking to leverage expertise in database design to drive innovation and business growth.

EDUCATION:
Bachelor of Science in Data Science
GPA: 3.28

TECHNICAL SKILLS:
mysql, er diagram, oracle, replication, database design, database management, query optimization, performance tuning

WORK EXPERIENCE:

Senior Database Administrator at Tech Solutions Inc. (2022 - Present)
- Led development of scalable mysql solutions serving 1M+ users
- Implemented er diagram architecture reducing processing time by 40%
- Collaborated with cross-functional teams using oracle methodologies
- Mentored junior developers and conducted code reviews

Database Administrator at Digital Innovations Ltd. (2018 - 2020)
- Developed and maintained replication applications with 99.9% uptime
- Optimized database design performance achieving 3x throughput improvement
- Participated in agile ceremonies and sprint planning
- Created technical documentation and API specifications

Junior Database Administrator at StartUp Hub (2014 - 2019)
- Assisted in building mysql based tools for data processing
- Wrote unit tests achieving 90%+ code coverage
- Fixed bugs and improved application performance

CERTIFICATIONS:
- Certified Google Cloud Practitioner
- Database Administrator Professional Certification

PROJECTS:
- Built an end-to-end mysql pipeline processing 234K records daily
- Developed a er diagram based dashboard for real-time monitoring",Database Administrator
"Rahul Miller
Contact: rahul.miller@email.com | Phone: +1-656-259-5426

PROFESSIONAL SUMMARY:
Results-driven Software Engineer with 4+ years of experience in developing and implementing microservices solutions.
Proficient in ci/cd, scrum, linux with a strong track record of delivering high-quality projects on time.
Seeking to leverage expertise in object oriented to drive innovation and business growth.

EDUCATION:
Bachelor of Engineering in Information Technology
GPA: 3.83

TECHNICAL SKILLS:
microservices, ci/cd, scrum, linux, object oriented, documentation, code review, git

WORK EXPERIENCE:

Senior Software Engineer at Tech Solutions Inc. (2024 - Present)
- Led development of scalable microservices solutions serving 1M+ users
- Implemented ci/cd architecture reducing processing time by 40%
- Collaborated with cross-functional teams using scrum methodologies
- Mentored junior developers and conducted code reviews

Software Engineer at Digital Innovations Ltd. (2015 - 2022)
- Developed and maintained linux applications with 99.9% uptime
- Optimized object oriented performance achieving 3x throughput improvement
- Participated in scrum ceremonies and sprint planning
- Created technical documentation and API specifications

Junior Software Engineer at StartUp Hub (2015 - 2018)
- Assisted in building microservices based tools for data processing
- Wrote unit tests achieving 90%+ code coverage
- Fixed bugs and improved application performance

CERTIFICATIONS:
- Certified Google Cloud Practitioner
- Software Engineer Professional Certification

PROJECTS:
- Built an end-to-end microservices pipeline processing 422K records daily
- Developed a ci/cd based dashboard for real-time monitoring",Software Engineer
"Maria Brown
Contact: maria.brown@email.com | Phone: +1-684-310-8871

PROFESSIONAL SUMMARY:
Results-driven Mobile Developer with 1+ years of experience in developing and implementing react native solutions.
Proficient in kotlin, git, rest api with a strong track record of delivering high-quality projects on time.
Seeking to leverage expertise in swift to drive innovation and business growth.

EDUCATION:
Bachelor of Engineering in Information Technology
GPA: 3.71

TECHNICAL SKILLS:
react native, kotlin, git, rest api, swift, mobile application, app store, android

WORK EXPERIENCE:

Senior Mobile Developer at Tech Solutions Inc. (2020 - Present)
- Led development of scalable react native solutions serving 1M+ users
- Implemented kotlin architecture reducing processing time by 40%
- Collaborated with cross-functional teams using git methodologies
- Mentored junior developers and conducted code reviews

Mobile Developer at Digital Innovations Ltd. (2018 - 2018)
- Developed and maintained rest api applications with 99.9% uptime
- Optimized swift performance achieving 3x throughput improvement
- Participated in kanban ceremonies and sprint planning
- Created technical documentation and API specifications

Junior Mobile Developer at StartUp Hub (2016 - 2019)
- Assisted in building react native based tools for data processing
- Wrote unit tests achieving 90%+ code coverage
- Fixed bugs and improved application performance

CERTIFICATIONS:
- Certified Azure Practitioner
- Mobile Developer Professional Certification

PROJECTS:
- Built an end-to-end react native pipeline processing 410K records daily
- Developed a kotlin based dashboard for real-time monitoring",Mobile Developer
"Alex Garcia
Contact: alex.garcia@email.com | Phone: +1-612-438-1658

PROFESSIONAL SUMMARY:
Results-driven Mobile Developer with 9+ years of experience in developing and implementing flutter solutions.
Proficient in debugging, device compatibility, ios with a strong track record of delivering high-quality projects on time.
Seeking to leverage expertise in mobile application to drive innovation and business growth.

EDUCATION:
Master of Computer Applications
GPA: 3.85

TECHNICAL SKILLS:
flutter, debugging, device compatibility, ios, mobile application, git, android, push notifications

WORK EXPERIENCE:

Senior Mobile Developer at Tech Solutions Inc. (2022 - Present)
- Led development of scalable flutter solutions serving 1M+ users
- Implemented debugging architecture reducing processing time by 40%
- Collaborated with cross-functional teams using device compatibility methodologies
- Mentored junior developers and conducted code reviews

Mobile Developer at Digital Innovations Ltd. (2017 - 2020)
- Developed and maintained ios applications with 99.9% uptime
- Optimized mobile application performance achieving 3x throughput improvement
- Participated in agile ceremonies and sprint planning
- Created technical documentation and API specifications

Junior Mobile Developer at StartUp Hub (2013 - 2016)
- Assisted in building flutter based tools for data processing
- Wrote unit tests achieving 90%+ code coverage
- Fixed bugs and improved application performance

CERTIFICATIONS:
- Certified Google Cloud Practitioner
- Mobile Developer Professional Certification

PROJECTS:
- Built an end-to-end flutter pipeline processing 393K records daily
- Developed a debugging based dashboard for real-time monitoring",Mobile Developer
"David Martinez
Contact: david.martinez@email.com | Phone: +1-875-538-1482

PROFESSIONAL SUMMARY:
Results-driven Database Administrator with 9+ years of experience in developing and implementing high availability solutions.
Proficient in database management, backup, indexes with a strong track record of delivering high-quality projects on time.
Seeking to leverage expertise in postgresql to drive innovation and business growth.

EDUCATION:
Master of Science in Computer Science
GPA: 3.87

TECHNICAL SKILLS:
high availability, database management, backup, indexes, postgresql, mongodb, mysql, oracle

WORK EXPERIENCE:

Senior Database Administrator at Tech Solutions Inc. (2018 - Present)
- Led development of scalable high availability solutions serving 1M+ users
- Implemented database management architecture reducing processing time by 40%
- Collaborated with cross-functional teams using backup methodologies
- Mentored junior developers and conducted code reviews

Database Administrator at Digital Innovations Ltd. (2019 - 2018)
- Developed and maintained indexes applications with 99.9% uptime
- Optimized postgresql performance achieving 3x throughput improvement
- Participated in scrum ceremonies and sprint planning
- Created technical documentation and API specifications

Junior Database Administrator at StartUp Hub (2017 - 2017)
- Assisted in building high availability based tools for data processing
- Wrote unit tests achieving 90%+ code coverage
- Fixed bugs and improved application performance

CERTIFICATIONS:
- Certified Google Cloud Practitioner
- Database Administrator Professional Certification

PROJECTS:
- Built an end-to-end high availability pipeline processing 169K records daily
- Developed a database management based dashboard for real-time monitoring",Database Administrator
"Rahul Garcia
Contact: rahul.garcia@email.com | Phone: +1-851-398-1956

PROFESSIONAL SUMMARY:
Results-driven Mobile Developer with 11+ years of experience in developing and implementing gesture handling solutions.
Proficient in android, react native, flutter with a strong track record of delivering high-quality projects on time.
Seeking to leverage expertise in rest api to drive innovation and business growth.

EDUCATION:
Master of Technology in Software Engineering
GPA: 3.75

TECHNICAL SKILLS:
gesture handling, android, react native, flutter, rest api, ios, performance, git

WORK EXPERIENCE:

Senior Mobile Developer at Tech Solutions Inc. (2022 - Present)
- Led development of scalable gesture handling solutions serving 1M+ users
- Implemented android architecture reducing processing time by 40%
- Collaborated with cross-functional teams using react native methodologies
- Mentored junior developers and conducted code reviews

Mobile Developer at Digital Innovations Ltd. (2016 - 2020)
- Developed and maintained flutter applications with 99.9% uptime
- Optimized rest api performance achieving 3x throughput improvement
- Participated in agile ceremonies and sprint planning
- Created technical documentation and API specifications

Junior Mobile Developer at StartUp Hub (2015 - 2017)
- Assisted in building gesture handling based tools for data processing
- Wrote unit tests achieving 90%+ code coverage
- Fixed bugs and improved application performance

CERTIFICATIONS:
- Certified Google Cloud Practitioner
- Mobile Developer Professional Certification

PROJECTS:
- Built an end-to-end gesture handling pipeline processing 152K records daily
- Developed a android based dashboard for real-time monitoring",Mobile Developer
"James Garcia
Contact: james.garcia@email.com | Phone: +1-286-652-5938

PROFESSIONAL SUMMARY:
Results-driven Network Engineer with 7+ years of experience in developing and implementing cisco solutions.
Proficient in wireshark, vlan, troubleshooting with a strong track record of delivering high-quality projects on time.
Seeking to leverage expertise in firewall to drive innovation and business growth.

EDUCATION:
Master of Technology in Software Engineering
GPA: 3.68

TECHNICAL SKILLS:
cisco, wireshark, vlan, troubleshooting, firewall, network monitoring, ospf, routing

WORK EXPERIENCE:

Senior Network Engineer at Tech Solutions Inc. (2018 - Present)
- Led development of scalable cisco solutions serving 1M+ users
- Implemented wireshark architecture reducing processing time by 40%
- Collaborated with cross-functional teams using vlan methodologies
- Mentored junior developers and conducted code reviews

Network Engineer at Digital Innovations Ltd. (2016 - 2024)
- Developed and maintained troubleshooting applications with 99.9% uptime
- Optimized firewall performance achieving 3x throughput improvement
- Participated in agile ceremonies and sprint planning
- Created technical documentation and API specifications

Junior Network Engineer at StartUp Hub (2013 - 2017)
- Assisted in building cisco based tools for data processing
- Wrote unit tests achieving 90%+ code coverage
- Fixed bugs and improved application performance

CERTIFICATIONS:
- Certified Google Cloud Practitioner
- Network Engineer Professional Certification

PROJECTS:
- Built an end-to-end cisco pipeline processing 218K records daily
- Developed a wireshark based dashboard for real-time monitoring",Network Engineer
"Lisa Smith
Contact: lisa.smith@email.com | Phone: +1-969-860-9257

PROFESSIONAL SUMMARY:
Results-driven Data Engineer with 3+ years of experience in developing and implementing kafka solutions.
Proficient in etl, data pipeline, big data with a strong track record of delivering high-quality projects on time.
Seeking to leverage expertise in python to drive innovation and business growth.

EDUCATION:
Bachelor of Technology in Computer Science
GPA: 3.33

TECHNICAL SKILLS:
kafka, etl, data pipeline, big data, python, redis, postgresql, data lake

WORK EXPERIENCE:

Senior Data Engineer at Tech Solutions Inc. (2020 - Present)
- Led development of scalable kafka solutions serving 1M+ users
- Implemented etl architecture reducing processing time by 40%
- Collaborated with cross-functional teams using data pipeline methodologies
- Mentored junior developers and conducted code reviews

Data Engineer at Digital Innovations Ltd. (2017 - 2019)
- Developed and maintained big data applications with 99.9% uptime
- Optimized python performance achieving 3x throughput improvement
- Participated in scrum ceremonies and sprint planning
- Created technical documentation and API specifications

Junior Data Engineer at StartUp Hub (2015 - 2017)
- Assisted in building kafka based tools for data processing
- Wrote unit tests achieving 90%+ code coverage
- Fixed bugs and improved application performance

CERTIFICATIONS:
- Certified Google Cloud Practitioner
- Data Engineer Professional Certification

PROJECTS:
- Built an end-to-end kafka pipeline processing 453K records daily
- Developed a etl based dashboard for real-time monitoring",Data Engineer
"John Brown
Contact: john.brown@email.com | Phone: +1-619-256-2120

PROFESSIONAL SUMMARY:
Results-driven Java Developer with 14+ years of experience in developing and implementing object oriented solutions.
Proficient in concurrency, restful api, maven with a strong track record of delivering high-quality projects on time.
Seeking to leverage expertise in stream api to drive innovation and business growth.

EDUCATION:
Bachelor of Engineering in Information Technology
GPA: 3.71

TECHNICAL SKILLS:
object oriented, concurrency, restful api, maven, stream api, lambda, jdbc, multithreading

WORK EXPERIENCE:

Senior Java Developer at Tech Solutions Inc. (2020 - Present)
- Led development of scalable object oriented solutions serving 1M+ users
- Implemented concurrency architecture reducing processing time by 40%
- Collaborated with cross-functional teams using restful api methodologies
- Mentored junior developers and conducted code reviews

Java Developer at Digital Innovations Ltd. (2015 - 2023)
- Developed and maintained maven applications with 99.9% uptime
- Optimized stream api performance achieving 3x throughput improvement
- Participated in scrum ceremonies and sprint planning
- Created technical documentation and API specifications

Junior Java Developer at StartUp Hub (2014 - 2016)
- Assisted in building object oriented based tools for data processing
- Wrote unit tests achieving 90%+ code coverage
- Fixed bugs and improved application performance

CERTIFICATIONS:
- Certified AWS Practitioner
- Java Developer Professional Certification

PROJECTS:
- Built an end-to-end object oriented pipeline processing 132K records daily
- Developed a concurrency based dashboard for real-time monitoring",Java Developer
"David Davis
Contact: david.davis@email.com | Phone: +1-569-735-2693

PROFESSIONAL SUMMARY:
Results-driven Web Developer with 4+ years of experience in developing and implementing javascript solutions.
Proficient in jquery, css, web applications with a strong track record of delivering high-quality projects on time.
Seeking to leverage expertise in responsive design to drive innovation and business growth.

EDUCATION:
Bachelor of Science in Data Science
GPA: 3.04

TECHNICAL SKILLS:
javascript, jquery, css, web applications, responsive design, sass, react, frontend

WORK EXPERIENCE:

Senior Web Developer at Tech Solutions Inc. (2024 - Present)
- Led development of scalable javascript solutions serving 1M+ users
- Implemented jquery architecture reducing processing time by 40%
- Collaborated with cross-functional teams using css methodologies
- Mentored junior developers and conducted code reviews

Web Developer at Digital Innovations Ltd. (2017 - 2021)
- Developed and maintained web applications applications with 99.9% uptime
- Optimized responsive design performance achieving 3x throughput improvement
- Participated in scrum ceremonies and sprint planning
- Created technical documentation and API specifications

Junior Web Developer at StartUp Hub (2014 - 2019)
- Assisted in building javascript based tools for data processing
- Wrote unit tests achieving 90%+ code coverage
- Fixed bugs and improved application performance

CERTIFICATIONS:
- Certified Azure Practitioner
- Web Developer Professional Certification

PROJECTS:
- Built an end-to-end javascript pipeline processing 126K records daily
- Developed a jquery based dashboard for real-time monitoring",Web Developer
"Amit Miller
Contact: amit.miller@email.com | Phone: +1-922-417-3079

PROFESSIONAL SUMMARY:
Results-driven DevOps Engineer with 3+ years of experience in developing and implementing linux solutions.
Proficient in kubernetes, bash scripting, jenkins with a strong track record of delivering high-quality projects on time.
Seeking to leverage expertise in groovy to drive innovation and business growth.

EDUCATION:
Bachelor of Engineering in Information Technology
GPA: 3.47

TECHNICAL SKILLS:
linux, kubernetes, bash scripting, jenkins, groovy, ci/cd, continuous integration, configuration management

WORK EXPERIENCE:

Senior DevOps Engineer at Tech Solutions Inc. (2018 - Present)
- Led development of scalable linux solutions serving 1M+ users
- Implemented kubernetes architecture reducing processing time by 40%
- Collaborated with cross-functional teams using bash scripting methodologies
- Mentored junior developers and conducted code reviews

DevOps Engineer at Digital Innovations Ltd. (2019 - 2022)
- Developed and maintained jenkins applications with 99.9% uptime
- Optimized groovy performance achieving 3x throughput improvement
- Participated in scrum ceremonies and sprint planning
- Created technical documentation and API specifications

Junior DevOps Engineer at StartUp Hub (2015 - 2016)
- Assisted in building linux based tools for data processing
- Wrote unit tests achieving 90%+ code coverage
- Fixed bugs and improved application performance

CERTIFICATIONS:
- Certified AWS Practitioner
- DevOps Engineer Professional Certification

PROJECTS:
- Built an end-to-end linux pipeline processing 87K records daily
- Developed a kubernetes based dashboard for real-time monitoring",DevOps Engineer
"Maria Williams
Contact: maria.williams@email.com | Phone: +1-844-425-9915

PROFESSIONAL SUMMARY:
Results-driven Java Developer with 13+ years of experience in developing and implementing jpa solutions.
Proficient in collections, oracle, object oriented with a strong track record of delivering high-quality projects on time.
Seeking to leverage expertise in restful api to drive innovation and business growth.

EDUCATION:
Master of Technology in Software Engineering
GPA: 3.51

TECHNICAL SKILLS:
jpa, collections, oracle, object oriented, restful api, hibernate, concurrency, design patterns

WORK EXPERIENCE:

Senior Java Developer at Tech Solutions Inc. (2018 - Present)
- Led development of scalable jpa solutions serving 1M+ users
- Implemented collections architecture reducing processing time by 40%
- Collaborated with cross-functional teams using oracle methodologies
- Mentored junior developers and conducted code reviews

Java Developer at Digital Innovations Ltd. (2018 - 2024)
- Developed and maintained object oriented applications with 99.9% uptime
- Optimized restful api performance achieving 3x throughput improvement
- Participated in agile ceremonies and sprint planning
- Created technical documentation and API specifications

Junior Java Developer at StartUp Hub (2014 - 2019)
- Assisted in building jpa based tools for data processing
- Wrote unit tests achieving 90%+ code coverage
- Fixed bugs and improved application performance

CERTIFICATIONS:
- Certified Azure Practitioner
- Java Developer Professional Certification

PROJECTS:
- Built an end-to-end jpa pipeline processing 148K records daily
- Developed a collections based dashboard for real-time monitoring",Java Developer
"Sneha Jones
Contact: sneha.jones@email.com | Phone: +1-887-939-2521

PROFESSIONAL SUMMARY:
Results-driven DevOps Engineer with 7+ years of experience in developing and implementing jenkins solutions.
Proficient in deployment, aws, configuration management with a strong track record of delivering high-quality projects on time.
Seeking to leverage expertise in microservices to drive innovation and business growth.

EDUCATION:
Bachelor of Technology in Computer Science
GPA: 3.42

TECHNICAL SKILLS:
jenkins, deployment, aws, configuration management, microservices, infrastructure, bash scripting, docker

WORK EXPERIENCE:

Senior DevOps Engineer at Tech Solutions Inc. (2022 - Present)
- Led development of scalable jenkins solutions serving 1M+ users
- Implemented deployment architecture reducing processing time by 40%
- Collaborated with cross-functional teams using aws methodologies
- Mentored junior developers and conducted code reviews

DevOps Engineer at Digital Innovations Ltd. (2016 - 2024)
- Developed and maintained configuration management applications with 99.9% uptime
- Optimized microservices performance achieving 3x throughput improvement
- Participated in scrum ceremonies and sprint planning
- Created technical documentation and API specifications

Junior DevOps Engineer at StartUp Hub (2016 - 2017)
- Assisted in building jenkins based tools for data processing
- Wrote unit tests achieving 90%+ code coverage
- Fixed bugs and improved application performance

CERTIFICATIONS:
- Certified Azure Practitioner
- DevOps Engineer Professional Certification

PROJECTS:
- Built an end-to-end jenkins pipeline processing 452K records daily
- Developed a deployment based dashboard for real-time monitoring",DevOps Engineer
"Sarah Kumar
Contact: sarah.kumar@email.com | Phone: +1-913-460-7361

PROFESSIONAL SUMMARY:
Results-driven Cloud Engineer with 8+ years of experience in developing and implementing cloud migration solutions.
Proficient in networking, load balancer, ec2 with a strong track record of delivering high-quality projects on time.
Seeking to leverage expertise in google cloud to drive innovation and business growth.

EDUCATION:
Master of Science in Computer Science
GPA: 3.45

TECHNICAL SKILLS:
cloud migration, networking, load balancer, ec2, google cloud, monitoring, serverless, iam

WORK EXPERIENCE:

Senior Cloud Engineer at Tech Solutions Inc. (2019 - Present)
- Led development of scalable cloud migration solutions serving 1M+ users
- Implemented networking architecture reducing processing time by 40%
- Collaborated with cross-functional teams using load balancer methodologies
- Mentored junior developers and conducted code reviews

Cloud Engineer at Digital Innovations Ltd. (2015 - 2019)
- Developed and maintained ec2 applications with 99.9% uptime
- Optimized google cloud performance achieving 3x throughput improvement
- Participated in scrum ceremonies and sprint planning
- Created technical documentation and API specifications

Junior Cloud Engineer at StartUp Hub (2014 - 2019)
- Assisted in building cloud migration based tools for data processing
- Wrote unit tests achieving 90%+ code coverage
- Fixed bugs and improved application performance

CERTIFICATIONS:
- Certified Azure Practitioner
- Cloud Engineer Professional Certification

PROJECTS:
- Built an end-to-end cloud migration pipeline processing 178K records daily
- Developed a networking based dashboard for real-time monitoring",Cloud Engineer
"Priya Garcia
Contact: priya.garcia@email.com | Phone: +1-770-189-8659

PROFESSIONAL SUMMARY:
Results-driven Software Engineer with 9+ years of experience in developing and implementing python solutions.
Proficient in version control, scrum, debugging with a strong track record of delivering high-quality projects on time.
Seeking to leverage expertise in code review to drive innovation and business growth.

EDUCATION:
Bachelor of Technology in Computer Science
GPA: 3.62

TECHNICAL SKILLS:
python, version control, scrum, debugging, code review, java, algorithms, software development

WORK EXPERIENCE:

Senior Software Engineer at Tech Solutions Inc. (2018 - Present)
- Led development of scalable python solutions serving 1M+ users
- Implemented version control architecture reducing processing time by 40%
- Collaborated with cross-functional teams using scrum methodologies
- Mentored junior developers and conducted code reviews

Software Engineer at Digital Innovations Ltd. (2016 - 2018)
- Developed and maintained debugging applications with 99.9% uptime
- Optimized code review performance achieving 3x throughput improvement
- Participated in scrum ceremonies and sprint planning
- Created technical documentation and API specifications

Junior Software Engineer at StartUp Hub (2015 - 2019)
- Assisted in building python based tools for data processing
- Wrote unit tests achieving 90%+ code coverage
- Fixed bugs and improved application performance

CERTIFICATIONS:
- Certified Google Cloud Practitioner
- Software Engineer Professional Certification

PROJECTS:
- Built an end-to-end python pipeline processing 276K records daily
- Developed a version control based dashboard for real-time monitoring",Software Engineer
"Robert Chen
Contact: robert.chen@email.com | Phone: +1-449-609-2096

PROFESSIONAL SUMMARY:
Results-driven UI/UX Designer with 2+ years of experience in developing and implementing user experience solutions.
Proficient in interaction design, prototype, usability testing with a strong track record of delivering high-quality projects on time.
Seeking to leverage expertise in responsive design to drive innovation and business growth.

EDUCATION:
Bachelor of Engineering in Information Technology
GPA: 3.75

TECHNICAL SKILLS:
user experience, interaction design, prototype, usability testing, responsive design, information architecture, adobe xd, persona

WORK EXPERIENCE:

Senior UI/UX Designer at Tech Solutions Inc. (2019 - Present)
- Led development of scalable user experience solutions serving 1M+ users
- Implemented interaction design architecture reducing processing time by 40%
- Collaborated with cross-functional teams using prototype methodologies
- Mentored junior developers and conducted code reviews

UI/UX Designer at Digital Innovations Ltd. (2017 - 2020)
- Developed and maintained usability testing applications with 99.9% uptime
- Optimized responsive design performance achieving 3x throughput improvement
- Participated in agile ceremonies and sprint planning
- Created technical documentation and API specifications

Junior UI/UX Designer at StartUp Hub (2015 - 2016)
- Assisted in building user experience based tools for data processing
- Wrote unit tests achieving 90%+ code coverage
- Fixed bugs and improved application performance

CERTIFICATIONS:
- Certified Google Cloud Practitioner
- UI/UX Designer Professional Certification

PROJECTS:
- Built an end-to-end user experience pipeline processing 473K records daily
- Developed a interaction design based dashboard for real-time monitoring",UI/UX Designer
"Priya Garcia
Contact: priya.garcia@email.com | Phone: +1-362-931-4056

PROFESSIONAL SUMMARY:
Results-driven Python Developer with 2+ years of experience in developing and implementing automation solutions.
Proficient in pytest, object oriented, api development with a strong track record of delivering high-quality projects on time.
Seeking to leverage expertise in unit testing to drive innovation and business growth.

EDUCATION:
Bachelor of Science in Data Science
GPA: 3.65

TECHNICAL SKILLS:
automation, pytest, object oriented, api development, unit testing, redis, web scraping, numpy

WORK EXPERIENCE:

Senior Python Developer at Tech Solutions Inc. (2021 - Present)
- Led development of scalable automation solutions serving 1M+ users
- Implemented pytest architecture reducing processing time by 40%
- Collaborated with cross-functional teams using object oriented methodologies
- Mentored junior developers and conducted code reviews

Python Developer at Digital Innovations Ltd. (2016 - 2024)
- Developed and maintained api development applications with 99.9% uptime
- Optimized unit testing performance achieving 3x throughput improvement
- Participated in kanban ceremonies and sprint planning
- Created technical documentation and API specifications

Junior Python Developer at StartUp Hub (2016 - 2015)
- Assisted in building automation based tools for data processing
- Wrote unit tests achieving 90%+ code coverage
- Fixed bugs and improved application performance

CERTIFICATIONS:
- Certified AWS Practitioner
- Python Developer Professional Certification

PROJECTS:
- Built an end-to-end automation pipeline processing 102K records daily
- Developed a pytest based dashboard for real-time monitoring",Python Developer
"Sneha Chen
Contact: sneha.chen@email.com | Phone: +1-313-210-2784

PROFESSIONAL SUMMARY:
Results-driven Network Engineer with 12+ years of experience in developing and implementing vlan solutions.
Proficient in networking, routing, bgp with a strong track record of delivering high-quality projects on time.
Seeking to leverage expertise in ospf to drive innovation and business growth.

EDUCATION:
Bachelor of Science in Data Science
GPA: 3.65

TECHNICAL SKILLS:
vlan, networking, routing, bgp, ospf, infrastructure, network monitoring, cisco

WORK EXPERIENCE:

Senior Network Engineer at Tech Solutions Inc. (2020 - Present)
- Led development of scalable vlan solutions serving 1M+ users
- Implemented networking architecture reducing processing time by 40%
- Collaborated with cross-functional teams using routing methodologies
- Mentored junior developers and conducted code reviews

Network Engineer at Digital Innovations Ltd. (2017 - 2024)
- Developed and maintained bgp applications with 99.9% uptime
- Optimized ospf performance achieving 3x throughput improvement
- Participated in agile ceremonies and sprint planning
- Created technical documentation and API specifications

Junior Network Engineer at StartUp Hub (2014 - 2019)
- Assisted in building vlan based tools for data processing
- Wrote unit tests achieving 90%+ code coverage
- Fixed bugs and improved application performance

CERTIFICATIONS:
- Certified AWS Practitioner
- Network Engineer Professional Certification

PROJECTS:
- Built an end-to-end vlan pipeline processing 202K records daily
- Developed a networking based dashboard for real-time monitoring",Network Engineer
"Robert Patel
Contact: robert.patel@email.com | Phone: +1-871-210-7280

PROFESSIONAL SUMMARY:
Results-driven Network Engineer with 3+ years of experience in developing and implementing networking solutions.
Proficient in troubleshooting, dns, vlan with a strong track record of delivering high-quality projects on time.
Seeking to leverage expertise in subnetting to drive innovation and business growth.

EDUCATION:
Bachelor of Engineering in Information Technology
GPA: 3.42

TECHNICAL SKILLS:
networking, troubleshooting, dns, vlan, subnetting, routing, network security, bgp

WORK EXPERIENCE:

Senior Network Engineer at Tech Solutions Inc. (2021 - Present)
- Led development of scalable networking solutions serving 1M+ users
- Implemented troubleshooting architecture reducing processing time by 40%
- Collaborated with cross-functional teams using dns methodologies
- Mentored junior developers and conducted code reviews

Network Engineer at Digital Innovations Ltd. (2018 - 2018)
- Developed and maintained vlan applications with 99.9% uptime
- Optimized subnetting performance achieving 3x throughput improvement
- Participated in scrum ceremonies and sprint planning
- Created technical documentation and API specifications

Junior Network Engineer at StartUp Hub (2013 - 2016)
- Assisted in building networking based tools for data processing
- Wrote unit tests achieving 90%+ code coverage
- Fixed bugs and improved application performance

CERTIFICATIONS:
- Certified Google Cloud Practitioner
- Network Engineer Professional Certification

PROJECTS:
- Built an end-to-end networking pipeline processing 419K records daily
- Developed a troubleshooting based dashboard for real-time monitoring",Network Engineer
"Emily Kumar
Contact: emily.kumar@email.com | Phone: +1-425-622-1521

PROFESSIONAL SUMMARY:
Results-driven Frontend Developer with 5+ years of experience in developing and implementing cross browser solutions.
Proficient in vue.js, state management, html with a strong track record of delivering high-quality projects on time.
Seeking to leverage expertise in responsive to drive innovation and business growth.

EDUCATION:
Master of Technology in Software Engineering
GPA: 3.34

TECHNICAL SKILLS:
cross browser, vue.js, state management, html, responsive, css, sass, angular

WORK EXPERIENCE:

Senior Frontend Developer at Tech Solutions Inc. (2019 - Present)
- Led development of scalable cross browser solutions serving 1M+ users
- Implemented vue.js architecture reducing processing time by 40%
- Collaborated with cross-functional teams using state management methodologies
- Mentored junior developers and conducted code reviews

Frontend Developer at Digital Innovations Ltd. (2015 - 2018)
- Developed and maintained html applications with 99.9% uptime
- Optimized responsive performance achieving 3x throughput improvement
- Participated in kanban ceremonies and sprint planning
- Created technical documentation and API specifications

Junior Frontend Developer at StartUp Hub (2016 - 2016)
- Assisted in building cross browser based tools for data processing
- Wrote unit tests achieving 90%+ code coverage
- Fixed bugs and improved application performance

CERTIFICATIONS:
- Certified AWS Practitioner
- Frontend Developer Professional Certification

PROJECTS:
- Built an end-to-end cross browser pipeline processing 123K records daily
- Developed a vue.js based dashboard for real-time monitoring",Frontend Developer
"Jane Patel
Contact: jane.patel@email.com | Phone: +1-243-916-4004

PROFESSIONAL SUMMARY:
Results-driven DevOps Engineer with 3+ years of experience in developing and implementing aws solutions.
Proficient in ci/cd, terraform, pipeline with a strong track record of delivering high-quality projects on time.
Seeking to leverage expertise in containerization to drive innovation and business growth.

EDUCATION:
Bachelor of Science in Data Science
GPA: 3.79

TECHNICAL SKILLS:
aws, ci/cd, terraform, pipeline, containerization, groovy, jenkins, ansible

WORK EXPERIENCE:

Senior DevOps Engineer at Tech Solutions Inc. (2018 - Present)
- Led development of scalable aws solutions serving 1M+ users
- Implemented ci/cd architecture reducing processing time by 40%
- Collaborated with cross-functional teams using terraform methodologies
- Mentored junior developers and conducted code reviews

DevOps Engineer at Digital Innovations Ltd. (2015 - 2024)
- Developed and maintained pipeline applications with 99.9% uptime
- Optimized containerization performance achieving 3x throughput improvement
- Participated in scrum ceremonies and sprint planning
- Created technical documentation and API specifications

Junior DevOps Engineer at StartUp Hub (2015 - 2019)
- Assisted in building aws based tools for data processing
- Wrote unit tests achieving 90%+ code coverage
- Fixed bugs and improved application performance

CERTIFICATIONS:
- Certified AWS Practitioner
- DevOps Engineer Professional Certification

PROJECTS:
- Built an end-to-end aws pipeline processing 224K records daily
- Developed a ci/cd based dashboard for real-time monitoring",DevOps Engineer
"Michael Smith
Contact: michael.smith@email.com | Phone: +1-562-921-7376

PROFESSIONAL SUMMARY:
Results-driven Machine Learning Engineer with 14+ years of experience in developing and implementing data pipeline solutions.
Proficient in model deployment, deep learning, model training with a strong track record of delivering high-quality projects on time.
Seeking to leverage expertise in distributed computing to drive innovation and business growth.

EDUCATION:
Master of Science in Computer Science
GPA: 3.4

TECHNICAL SKILLS:
data pipeline, model deployment, deep learning, model training, distributed computing, python, gpu, nlp

WORK EXPERIENCE:

Senior Machine Learning Engineer at Tech Solutions Inc. (2022 - Present)
- Led development of scalable data pipeline solutions serving 1M+ users
- Implemented model deployment architecture reducing processing time by 40%
- Collaborated with cross-functional teams using deep learning methodologies
- Mentored junior developers and conducted code reviews

Machine Learning Engineer at Digital Innovations Ltd. (2015 - 2018)
- Developed and maintained model training applications with 99.9% uptime
- Optimized distributed computing performance achieving 3x throughput improvement
- Participated in agile ceremonies and sprint planning
- Created technical documentation and API specifications

Junior Machine Learning Engineer at StartUp Hub (2017 - 2017)
- Assisted in building data pipeline based tools for data processing
- Wrote unit tests achieving 90%+ code coverage
- Fixed bugs and improved application performance

CERTIFICATIONS:
- Certified Google Cloud Practitioner
- Machine Learning Engineer Professional Certification

PROJECTS:
- Built an end-to-end data pipeline pipeline processing 432K records daily
- Developed a model deployment based dashboard for real-time monitoring",Machine Learning Engineer
"Priya Martinez
Contact: priya.martinez@email.com | Phone: +1-406-435-4801

PROFESSIONAL SUMMARY:
Results-driven Mobile Developer with 12+ years of experience in developing and implementing sqlite solutions.
Proficient in debugging, ios, mobile application with a strong track record of delivering high-quality projects on time.
Seeking to leverage expertise in gesture handling to drive innovation and business growth.

EDUCATION:
Bachelor of Engineering in Information Technology
GPA: 3.7

TECHNICAL SKILLS:
sqlite, debugging, ios, mobile application, gesture handling, android, agile, firebase

WORK EXPERIENCE:

Senior Mobile Developer at Tech Solutions Inc. (2021 - Present)
- Led development of scalable sqlite solutions serving 1M+ users
- Implemented debugging architecture reducing processing time by 40%
- Collaborated with cross-functional teams using ios methodologies
- Mentored junior developers and conducted code reviews

Mobile Developer at Digital Innovations Ltd. (2017 - 2019)
- Developed and maintained mobile application applications with 99.9% uptime
- Optimized gesture handling performance achieving 3x throughput improvement
- Participated in kanban ceremonies and sprint planning
- Created technical documentation and API specifications

Junior Mobile Developer at StartUp Hub (2014 - 2015)
- Assisted in building sqlite based tools for data processing
- Wrote unit tests achieving 90%+ code coverage
- Fixed bugs and improved application performance

CERTIFICATIONS:
- Certified Azure Practitioner
- Mobile Developer Professional Certification

PROJECTS:
- Built an end-to-end sqlite pipeline processing 303K records daily
- Developed a debugging based dashboard for real-time monitoring",Mobile Developer
"Sneha Davis
Contact: sneha.davis@email.com | Phone: +1-855-683-7272

PROFESSIONAL SUMMARY:
Results-driven Backend Developer with 10+ years of experience in developing and implementing microservices solutions.
Proficient in express, docker, authorization with a strong track record of delivering high-quality projects on time.
Seeking to leverage expertise in django to drive innovation and business growth.

EDUCATION:
Master of Science in Computer Science
GPA: 3.74

TECHNICAL SKILLS:
microservices, express, docker, authorization, django, serverless, rest api, postgresql

WORK EXPERIENCE:

Senior Backend Developer at Tech Solutions Inc. (2020 - Present)
- Led development of scalable microservices solutions serving 1M+ users
- Implemented express architecture reducing processing time by 40%
- Collaborated with cross-functional teams using docker methodologies
- Mentored junior developers and conducted code reviews

Backend Developer at Digital Innovations Ltd. (2015 - 2021)
- Developed and maintained authorization applications with 99.9% uptime
- Optimized django performance achieving 3x throughput improvement
- Participated in kanban ceremonies and sprint planning
- Created technical documentation and API specifications

Junior Backend Developer at StartUp Hub (2014 - 2016)
- Assisted in building microservices based tools for data processing
- Wrote unit tests achieving 90%+ code coverage
- Fixed bugs and improved application performance

CERTIFICATIONS:
- Certified Google Cloud Practitioner
- Backend Developer Professional Certification

PROJECTS:
- Built an end-to-end microservices pipeline processing 482K records daily
- Developed a express based dashboard for real-time monitoring",Backend Developer
"Sneha Martinez
Contact: sneha.martinez@email.com | Phone: +1-446-642-2587

PROFESSIONAL SUMMARY:
Results-driven UI/UX Designer with 5+ years of experience in developing and implementing information architecture solutions.
Proficient in persona, user research, journey mapping with a strong track record of delivering high-quality projects on time.
Seeking to leverage expertise in wireframe to drive innovation and business growth.

EDUCATION:
Master of Science in Computer Science
GPA: 3.03

TECHNICAL SKILLS:
information architecture, persona, user research, journey mapping, wireframe, user experience, prototype, accessibility

WORK EXPERIENCE:

Senior UI/UX Designer at Tech Solutions Inc. (2018 - Present)
- Led development of scalable information architecture solutions serving 1M+ users
- Implemented persona architecture reducing processing time by 40%
- Collaborated with cross-functional teams using user research methodologies
- Mentored junior developers and conducted code reviews

UI/UX Designer at Digital Innovations Ltd. (2019 - 2024)
- Developed and maintained journey mapping applications with 99.9% uptime
- Optimized wireframe performance achieving 3x throughput improvement
- Participated in agile ceremonies and sprint planning
- Created technical documentation and API specifications

Junior UI/UX Designer at StartUp Hub (2013 - 2015)
- Assisted in building information architecture based tools for data processing
- Wrote unit tests achieving 90%+ code coverage
- Fixed bugs and improved application performance

CERTIFICATIONS:
- Certified Google Cloud Practitioner
- UI/UX Designer Professional Certification

PROJECTS:
- Built an end-to-end information architecture pipeline processing 499K records daily
- Developed a persona based dashboard for real-time monitoring",UI/UX Designer
"Alex Chen
Contact: alex.chen@email.com | Phone: +1-227-813-2062

PROFESSIONAL SUMMARY:
Results-driven Java Developer with 9+ years of experience in developing and implementing java solutions.
Proficient in restful api, lambda, stream api with a strong track record of delivering high-quality projects on time.
Seeking to leverage expertise in j2ee to drive innovation and business growth.

EDUCATION:
Bachelor of Science in Data Science
GPA: 3.32

TECHNICAL SKILLS:
java, restful api, lambda, stream api, j2ee, maven, object oriented, microservices

WORK EXPERIENCE:

Senior Java Developer at Tech Solutions Inc. (2024 - Present)
- Led development of scalable java solutions serving 1M+ users
- Implemented restful api architecture reducing processing time by 40%
- Collaborated with cross-functional teams using lambda methodologies
- Mentored junior developers and conducted code reviews

Java Developer at Digital Innovations Ltd. (2016 - 2023)
- Developed and maintained stream api applications with 99.9% uptime
- Optimized j2ee performance achieving 3x throughput improvement
- Participated in agile ceremonies and sprint planning
- Created technical documentation and API specifications

Junior Java Developer at StartUp Hub (2013 - 2019)
- Assisted in building java based tools for data processing
- Wrote unit tests achieving 90%+ code coverage
- Fixed bugs and improved application performance

CERTIFICATIONS:
- Certified AWS Practitioner
- Java Developer Professional Certification

PROJECTS:
- Built an end-to-end java pipeline processing 77K records daily
- Developed a restful api based dashboard for real-time monitoring",Java Developer
"Amit Martinez
Contact: amit.martinez@email.com | Phone: +1-563-218-4309

PROFESSIONAL SUMMARY:
Results-driven Full Stack Developer with 12+ years of experience in developing and implementing frontend solutions.
Proficient in postgresql, python, git with a strong track record of delivering high-quality projects on time.
Seeking to leverage expertise in database to drive innovation and business growth.

EDUCATION:
Master of Computer Applications
GPA: 3.53

TECHNICAL SKILLS:
frontend, postgresql, python, git, database, react, typescript, redux

WORK EXPERIENCE:

Senior Full Stack Developer at Tech Solutions Inc. (2019 - Present)
- Led development of scalable frontend solutions serving 1M+ users
- Implemented postgresql architecture reducing processing time by 40%
- Collaborated with cross-functional teams using python methodologies
- Mentored junior developers and conducted code reviews

Full Stack Developer at Digital Innovations Ltd. (2016 - 2018)
- Developed and maintained git applications with 99.9% uptime
- Optimized database performance achieving 3x throughput improvement
- Participated in agile ceremonies and sprint planning
- Created technical documentation and API specifications

Junior Full Stack Developer at StartUp Hub (2015 - 2017)
- Assisted in building frontend based tools for data processing
- Wrote unit tests achieving 90%+ code coverage
- Fixed bugs and improved application performance

CERTIFICATIONS:
- Certified AWS Practitioner
- Full Stack Developer Professional Certification

PROJECTS:
- Built an end-to-end frontend pipeline processing 277K records daily
- Developed a postgresql based dashboard for real-time monitoring",Full Stack Developer
"Robert Miller
Contact: robert.miller@email.com | Phone: +1-351-430-8037

PROFESSIONAL SUMMARY:
Results-driven Network Engineer with 1+ years of experience in developing and implementing troubleshooting solutions.
Proficient in bgp, firewall, infrastructure with a strong track record of delivering high-quality projects on time.
Seeking to leverage expertise in dhcp to drive innovation and business growth.

EDUCATION:
Master of Computer Applications
GPA: 3.31

TECHNICAL SKILLS:
troubleshooting, bgp, firewall, infrastructure, dhcp, vpn, network security, network monitoring

WORK EXPERIENCE:

Senior Network Engineer at Tech Solutions Inc. (2020 - Present)
- Led development of scalable troubleshooting solutions serving 1M+ users
- Implemented bgp architecture reducing processing time by 40%
- Collaborated with cross-functional teams using firewall methodologies
- Mentored junior developers and conducted code reviews

Network Engineer at Digital Innovations Ltd. (2017 - 2023)
- Developed and maintained infrastructure applications with 99.9% uptime
- Optimized dhcp performance achieving 3x throughput improvement
- Participated in agile ceremonies and sprint planning
- Created technical documentation and API specifications

Junior Network Engineer at StartUp Hub (2015 - 2016)
- Assisted in building troubleshooting based tools for data processing
- Wrote unit tests achieving 90%+ code coverage
- Fixed bugs and improved application performance

CERTIFICATIONS:
- Certified AWS Practitioner
- Network Engineer Professional Certification

PROJECTS:
- Built an end-to-end troubleshooting pipeline processing 63K records daily
- Developed a bgp based dashboard for real-time monitoring",Network Engineer
"Maria Sharma
Contact: maria.sharma@email.com | Phone: +1-868-594-7163

PROFESSIONAL SUMMARY:
Results-driven Cloud Engineer with 7+ years of experience in developing and implementing serverless solutions.
Proficient in iam, docker, monitoring with a strong track record of delivering high-quality projects on time.
Seeking to leverage expertise in cloud computing to drive innovation and business growth.

EDUCATION:
Bachelor of Engineering in Information Technology
GPA: 3.3

TECHNICAL SKILLS:
serverless, iam, docker, monitoring, cloud computing, networking, vpc, load balancer

WORK EXPERIENCE:

Senior Cloud Engineer at Tech Solutions Inc. (2023 - Present)
- Led development of scalable serverless solutions serving 1M+ users
- Implemented iam architecture reducing processing time by 40%
- Collaborated with cross-functional teams using docker methodologies
- Mentored junior developers and conducted code reviews

Cloud Engineer at Digital Innovations Ltd. (2018 - 2021)
- Developed and maintained monitoring applications with 99.9% uptime
- Optimized cloud computing performance achieving 3x throughput improvement
- Participated in kanban ceremonies and sprint planning
- Created technical documentation and API specifications

Junior Cloud Engineer at StartUp Hub (2016 - 2017)
- Assisted in building serverless based tools for data processing
- Wrote unit tests achieving 90%+ code coverage
- Fixed bugs and improved application performance

CERTIFICATIONS:
- Certified Google Cloud Practitioner
- Cloud Engineer Professional Certification

PROJECTS:
- Built an end-to-end serverless pipeline processing 331K records daily
- Developed a iam based dashboard for real-time monitoring",Cloud Engineer
"Priya Jones
Contact: priya.jones@email.com | Phone: +1-513-121-7396

PROFESSIONAL SUMMARY:
Results-driven Data Scientist with 1+ years of experience in developing and implementing machine learning solutions.
Proficient in jupyter, big data, deep learning with a strong track record of delivering high-quality projects on time.
Seeking to leverage expertise in computer vision to drive innovation and business growth.

EDUCATION:
Master of Technology in Software Engineering
GPA: 3.43

TECHNICAL SKILLS:
machine learning, jupyter, big data, deep learning, computer vision, data analysis, regression, python

WORK EXPERIENCE:

Senior Data Scientist at Tech Solutions Inc. (2018 - Present)
- Led development of scalable machine learning solutions serving 1M+ users
- Implemented jupyter architecture reducing processing time by 40%
- Collaborated with cross-functional teams using big data methodologies
- Mentored junior developers and conducted code reviews

Data Scientist at Digital Innovations Ltd. (2017 - 2020)
- Developed and maintained deep learning applications with 99.9% uptime
- Optimized computer vision performance achieving 3x throughput improvement
- Participated in kanban ceremonies and sprint planning
- Created technical documentation and API specifications

Junior Data Scientist at StartUp Hub (2014 - 2018)
- Assisted in building machine learning based tools for data processing
- Wrote unit tests achieving 90%+ code coverage
- Fixed bugs and improved application performance

CERTIFICATIONS:
- Certified Google Cloud Practitioner
- Data Scientist Professional Certification

PROJECTS:
- Built an end-to-end machine learning pipeline processing 199K records daily
- Developed a jupyter based dashboard for real-time monitoring",Data Scientist
"Priya Patel
Contact: priya.patel@email.com | Phone: +1-356-114-1064

PROFESSIONAL SUMMARY:
Results-driven Data Scientist with 13+ years of experience in developing and implementing neural networks solutions.
Proficient in machine learning, data analysis, classification with a strong track record of delivering high-quality projects on time.
Seeking to leverage expertise in scikit-learn to drive innovation and business growth.

EDUCATION:
Bachelor of Technology in Computer Science
GPA: 3.02

TECHNICAL SKILLS:
neural networks, machine learning, data analysis, classification, scikit-learn, big data, data mining, tensorflow

WORK EXPERIENCE:

Senior Data Scientist at Tech Solutions Inc. (2018 - Present)
- Led development of scalable neural networks solutions serving 1M+ users
- Implemented machine learning architecture reducing processing time by 40%
- Collaborated with cross-functional teams using data analysis methodologies
- Mentored junior developers and conducted code reviews

Data Scientist at Digital Innovations Ltd. (2015 - 2021)
- Developed and maintained classification applications with 99.9% uptime
- Optimized scikit-learn performance achieving 3x throughput improvement
- Participated in kanban ceremonies and sprint planning
- Created technical documentation and API specifications

Junior Data Scientist at StartUp Hub (2015 - 2017)
- Assisted in building neural networks based tools for data processing
- Wrote unit tests achieving 90%+ code coverage
- Fixed bugs and improved application performance

CERTIFICATIONS:
- Certified AWS Practitioner
- Data Scientist Professional Certification

PROJECTS:
- Built an end-to-end neural networks pipeline processing 401K records daily
- Developed a machine learning based dashboard for real-time monitoring",Data Scientist
"Amit Davis
Contact: amit.davis@email.com | Phone: +1-935-302-9789

PROFESSIONAL SUMMARY:
Results-driven Frontend Developer with 14+ years of experience in developing and implementing component library solutions.
Proficient in react, tailwind, performance optimization with a strong track record of delivering high-quality projects on time.
Seeking to leverage expertise in angular to drive innovation and business growth.

EDUCATION:
Master of Technology in Software Engineering
GPA: 3.75

TECHNICAL SKILLS:
component library, react, tailwind, performance optimization, angular, cross browser, css, sass

WORK EXPERIENCE:

Senior Frontend Developer at Tech Solutions Inc. (2018 - Present)
- Led development of scalable component library solutions serving 1M+ users
- Implemented react architecture reducing processing time by 40%
- Collaborated with cross-functional teams using tailwind methodologies
- Mentored junior developers and conducted code reviews

Frontend Developer at Digital Innovations Ltd. (2018 - 2022)
- Developed and maintained performance optimization applications with 99.9% uptime
- Optimized angular performance achieving 3x throughput improvement
- Participated in agile ceremonies and sprint planning
- Created technical documentation and API specifications

Junior Frontend Developer at StartUp Hub (2014 - 2016)
- Assisted in building component library based tools for data processing
- Wrote unit tests achieving 90%+ code coverage
- Fixed bugs and improved application performance

CERTIFICATIONS:
- Certified AWS Practitioner
- Frontend Developer Professional Certification

PROJECTS:
- Built an end-to-end component library pipeline processing 222K records daily
- Developed a react based dashboard for real-time monitoring",Frontend Developer
"Robert Brown
Contact: robert.brown@email.com | Phone: +1-809-366-2640

PROFESSIONAL SUMMARY:
Results-driven Python Developer with 14+ years of experience in developing and implementing pip solutions.
Proficient in api development, virtualenv, fastapi with a strong track record of delivering high-quality projects on time.
Seeking to leverage expertise in pandas to drive innovation and business growth.

EDUCATION:
Bachelor of Science in Data Science
GPA: 3.39

TECHNICAL SKILLS:
pip, api development, virtualenv, fastapi, pandas, numpy, web scraping, git

WORK EXPERIENCE:

Senior Python Developer at Tech Solutions Inc. (2020 - Present)
- Led development of scalable pip solutions serving 1M+ users
- Implemented api development architecture reducing processing time by 40%
- Collaborated with cross-functional teams using virtualenv methodologies
- Mentored junior developers and conducted code reviews

Python Developer at Digital Innovations Ltd. (2018 - 2022)
- Developed and maintained fastapi applications with 99.9% uptime
- Optimized pandas performance achieving 3x throughput improvement
- Participated in agile ceremonies and sprint planning
- Created technical documentation and API specifications

Junior Python Developer at StartUp Hub (2015 - 2015)
- Assisted in building pip based tools for data processing
- Wrote unit tests achieving 90%+ code coverage
- Fixed bugs and improved application performance

CERTIFICATIONS:
- Certified Azure Practitioner
- Python Developer Professional Certification

PROJECTS:
- Built an end-to-end pip pipeline processing 341K records daily
- Developed a api development based dashboard for real-time monitoring",Python Developer
"Lisa Sharma
Contact: lisa.sharma@email.com | Phone: +1-756-871-8833

PROFESSIONAL SUMMARY:
Results-driven Machine Learning Engineer with 3+ years of experience in developing and implementing tensorflow solutions.
Proficient in scikit-learn, neural networks, reinforcement learning with a strong track record of delivering high-quality projects on time.
Seeking to leverage expertise in python to drive innovation and business growth.

EDUCATION:
Bachelor of Engineering in Information Technology
GPA: 3.04

TECHNICAL SKILLS:
tensorflow, scikit-learn, neural networks, reinforcement learning, python, model training, computer vision, data pipeline

WORK EXPERIENCE:

Senior Machine Learning Engineer at Tech Solutions Inc. (2023 - Present)
- Led development of scalable tensorflow solutions serving 1M+ users
- Implemented scikit-learn architecture reducing processing time by 40%
- Collaborated with cross-functional teams using neural networks methodologies
- Mentored junior developers and conducted code reviews

Machine Learning Engineer at Digital Innovations Ltd. (2017 - 2020)
- Developed and maintained reinforcement learning applications with 99.9% uptime
- Optimized python performance achieving 3x throughput improvement
- Participated in scrum ceremonies and sprint planning
- Created technical documentation and API specifications

Junior Machine Learning Engineer at StartUp Hub (2015 - 2016)
- Assisted in building tensorflow based tools for data processing
- Wrote unit tests achieving 90%+ code coverage
- Fixed bugs and improved application performance

CERTIFICATIONS:
- Certified Azure Practitioner
- Machine Learning Engineer Professional Certification

PROJECTS:
- Built an end-to-end tensorflow pipeline processing 324K records daily
- Developed a scikit-learn based dashboard for real-time monitoring",Machine Learning Engineer
"Maria Smith
Contact: maria.smith@email.com | Phone: +1-503-970-3587

PROFESSIONAL SUMMARY:
Results-driven Data Analyst with 5+ years of experience in developing and implementing data visualization solutions.
Proficient in excel, vlookup, tableau with a strong track record of delivering high-quality projects on time.
Seeking to leverage expertise in requirements gathering to drive innovation and business growth.

EDUCATION:
Master of Computer Applications
GPA: 3.87

TECHNICAL SKILLS:
data visualization, excel, vlookup, tableau, requirements gathering, trend analysis, google analytics, pandas

WORK EXPERIENCE:

Senior Data Analyst at Tech Solutions Inc. (2020 - Present)
- Led development of scalable data visualization solutions serving 1M+ users
- Implemented excel architecture reducing processing time by 40%
- Collaborated with cross-functional teams using vlookup methodologies
- Mentored junior developers and conducted code reviews

Data Analyst at Digital Innovations Ltd. (2016 - 2023)
- Developed and maintained tableau applications with 99.9% uptime
- Optimized requirements gathering performance achieving 3x throughput improvement
- Participated in kanban ceremonies and sprint planning
- Created technical documentation and API specifications

Junior Data Analyst at StartUp Hub (2016 - 2015)
- Assisted in building data visualization based tools for data processing
- Wrote unit tests achieving 90%+ code coverage
- Fixed bugs and improved application performance

CERTIFICATIONS:
- Certified Google Cloud Practitioner
- Data Analyst Professional Certification

PROJECTS:
- Built an end-to-end data visualization pipeline processing 498K records daily
- Developed a excel based dashboard for real-time monitoring",Data Analyst
"Rahul Sharma
Contact: rahul.sharma@email.com | Phone: +1-522-950-1002

PROFESSIONAL SUMMARY:
Results-driven Mobile Developer with 10+ years of experience in developing and implementing react native solutions.
Proficient in sqlite, performance, rest api with a strong track record of delivering high-quality projects on time.
Seeking to leverage expertise in app store to drive innovation and business growth.

EDUCATION:
Bachelor of Science in Data Science
GPA: 3.35

TECHNICAL SKILLS:
react native, sqlite, performance, rest api, app store, mobile application, agile, swift

WORK EXPERIENCE:

Senior Mobile Developer at Tech Solutions Inc. (2020 - Present)
- Led development of scalable react native solutions serving 1M+ users
- Implemented sqlite architecture reducing processing time by 40%
- Collaborated with cross-functional teams using performance methodologies
- Mentored junior developers and conducted code reviews

Mobile Developer at Digital Innovations Ltd. (2018 - 2020)
- Developed and maintained rest api applications with 99.9% uptime
- Optimized app store performance achieving 3x throughput improvement
- Participated in kanban ceremonies and sprint planning
- Created technical documentation and API specifications

Junior Mobile Developer at StartUp Hub (2014 - 2017)
- Assisted in building react native based tools for data processing
- Wrote unit tests achieving 90%+ code coverage
- Fixed bugs and improved application performance

CERTIFICATIONS:
- Certified Google Cloud Practitioner
- Mobile Developer Professional Certification

PROJECTS:
- Built an end-to-end react native pipeline processing 423K records daily
- Developed a sqlite based dashboard for real-time monitoring",Mobile Developer
"Emily Sharma
Contact: emily.sharma@email.com | Phone: +1-954-629-2012

PROFESSIONAL SUMMARY:
Results-driven QA Engineer with 11+ years of experience in developing and implementing stlc solutions.
Proficient in performance testing, defect management, test cases with a strong track record of delivering high-quality projects on time.
Seeking to leverage expertise in tdd to drive innovation and business growth.

EDUCATION:
Bachelor of Technology in Computer Science
GPA: 3.73

TECHNICAL SKILLS:
stlc, performance testing, defect management, test cases, tdd, testing, regression testing, cucumber

WORK EXPERIENCE:

Senior QA Engineer at Tech Solutions Inc. (2023 - Present)
- Led development of scalable stlc solutions serving 1M+ users
- Implemented performance testing architecture reducing processing time by 40%
- Collaborated with cross-functional teams using defect management methodologies
- Mentored junior developers and conducted code reviews

QA Engineer at Digital Innovations Ltd. (2015 - 2021)
- Developed and maintained test cases applications with 99.9% uptime
- Optimized tdd performance achieving 3x throughput improvement
- Participated in kanban ceremonies and sprint planning
- Created technical documentation and API specifications

Junior QA Engineer at StartUp Hub (2014 - 2018)
- Assisted in building stlc based tools for data processing
- Wrote unit tests achieving 90%+ code coverage
- Fixed bugs and improved application performance

CERTIFICATIONS:
- Certified AWS Practitioner
- QA Engineer Professional Certification

PROJECTS:
- Built an end-to-end stlc pipeline processing 397K records daily
- Developed a performance testing based dashboard for real-time monitoring",QA Engineer
"Robert Brown
Contact: robert.brown@email.com | Phone: +1-958-954-9831

PROFESSIONAL SUMMARY:
Results-driven Machine Learning Engineer with 12+ years of experience in developing and implementing a/b testing solutions.
Proficient in gpu, feature engineering, neural networks with a strong track record of delivering high-quality projects on time.
Seeking to leverage expertise in hyperparameter tuning to drive innovation and business growth.

EDUCATION:
Bachelor of Technology in Computer Science
GPA: 3.64

TECHNICAL SKILLS:
a/b testing, gpu, feature engineering, neural networks, hyperparameter tuning, deep learning, computer vision, pytorch

WORK EXPERIENCE:

Senior Machine Learning Engineer at Tech Solutions Inc. (2021 - Present)
- Led development of scalable a/b testing solutions serving 1M+ users
- Implemented gpu architecture reducing processing time by 40%
- Collaborated with cross-functional teams using feature engineering methodologies
- Mentored junior developers and conducted code reviews

Machine Learning Engineer at Digital Innovations Ltd. (2016 - 2018)
- Developed and maintained neural networks applications with 99.9% uptime
- Optimized hyperparameter tuning performance achieving 3x throughput improvement
- Participated in kanban ceremonies and sprint planning
- Created technical documentation and API specifications

Junior Machine Learning Engineer at StartUp Hub (2017 - 2017)
- Assisted in building a/b testing based tools for data processing
- Wrote unit tests achieving 90%+ code coverage
- Fixed bugs and improved application performance

CERTIFICATIONS:
- Certified AWS Practitioner
- Machine Learning Engineer Professional Certification

PROJECTS:
- Built an end-to-end a/b testing pipeline processing 126K records daily
- Developed a gpu based dashboard for real-time monitoring",Machine Learning Engineer
"David Garcia
Contact: david.garcia@email.com | Phone: +1-809-593-4648

PROFESSIONAL SUMMARY:
Results-driven Backend Developer with 1+ years of experience in developing and implementing python solutions.
Proficient in authorization, redis, docker with a strong track record of delivering high-quality projects on time.
Seeking to leverage expertise in express to drive innovation and business growth.

EDUCATION:
Bachelor of Technology in Computer Science
GPA: 3.43

TECHNICAL SKILLS:
python, authorization, redis, docker, express, mongodb, java, graphql

WORK EXPERIENCE:

Senior Backend Developer at Tech Solutions Inc. (2022 - Present)
- Led development of scalable python solutions serving 1M+ users
- Implemented authorization architecture reducing processing time by 40%
- Collaborated with cross-functional teams using redis methodologies
- Mentored junior developers and conducted code reviews

Backend Developer at Digital Innovations Ltd. (2016 - 2023)
- Developed and maintained docker applications with 99.9% uptime
- Optimized express performance achieving 3x throughput improvement
- Participated in agile ceremonies and sprint planning
- Created technical documentation and API specifications

Junior Backend Developer at StartUp Hub (2014 - 2016)
- Assisted in building python based tools for data processing
- Wrote unit tests achieving 90%+ code coverage
- Fixed bugs and improved application performance

CERTIFICATIONS:
- Certified Azure Practitioner
- Backend Developer Professional Certification

PROJECTS:
- Built an end-to-end python pipeline processing 153K records daily
- Developed a authorization based dashboard for real-time monitoring",Backend Developer
"Jane Davis
Contact: jane.davis@email.com | Phone: +1-570-202-2001

PROFESSIONAL SUMMARY:
Results-driven QA Engineer with 7+ years of experience in developing and implementing load testing solutions.
Proficient in api testing, testing, bdd with a strong track record of delivering high-quality projects on time.
Seeking to leverage expertise in continuous integration to drive innovation and business growth.

EDUCATION:
Master of Technology in Software Engineering
GPA: 3.32

TECHNICAL SKILLS:
load testing, api testing, testing, bdd, continuous integration, quality assurance, automation, regression testing

WORK EXPERIENCE:

Senior QA Engineer at Tech Solutions Inc. (2020 - Present)
- Led development of scalable load testing solutions serving 1M+ users
- Implemented api testing architecture reducing processing time by 40%
- Collaborated with cross-functional teams using testing methodologies
- Mentored junior developers and conducted code reviews

QA Engineer at Digital Innovations Ltd. (2016 - 2023)
- Developed and maintained bdd applications with 99.9% uptime
- Optimized continuous integration performance achieving 3x throughput improvement
- Participated in scrum ceremonies and sprint planning
- Created technical documentation and API specifications

Junior QA Engineer at StartUp Hub (2014 - 2019)
- Assisted in building load testing based tools for data processing
- Wrote unit tests achieving 90%+ code coverage
- Fixed bugs and improved application performance

CERTIFICATIONS:
- Certified AWS Practitioner
- QA Engineer Professional Certification

PROJECTS:
- Built an end-to-end load testing pipeline processing 230K records daily
- Developed a api testing based dashboard for real-time monitoring",QA Engineer
"Maria Patel
Contact: maria.patel@email.com | Phone: +1-616-924-3696

PROFESSIONAL SUMMARY:
Results-driven UI/UX Designer with 5+ years of experience in developing and implementing visual design solutions.
Proficient in user research, user experience, wireframe with a strong track record of delivering high-quality projects on time.
Seeking to leverage expertise in adobe xd to drive innovation and business growth.

EDUCATION:
Master of Technology in Software Engineering
GPA: 3.84

TECHNICAL SKILLS:
visual design, user research, user experience, wireframe, adobe xd, figma, information architecture, user interface

WORK EXPERIENCE:

Senior UI/UX Designer at Tech Solutions Inc. (2018 - Present)
- Led development of scalable visual design solutions serving 1M+ users
- Implemented user research architecture reducing processing time by 40%
- Collaborated with cross-functional teams using user experience methodologies
- Mentored junior developers and conducted code reviews

UI/UX Designer at Digital Innovations Ltd. (2018 - 2020)
- Developed and maintained wireframe applications with 99.9% uptime
- Optimized adobe xd performance achieving 3x throughput improvement
- Participated in kanban ceremonies and sprint planning
- Created technical documentation and API specifications

Junior UI/UX Designer at StartUp Hub (2014 - 2015)
- Assisted in building visual design based tools for data processing
- Wrote unit tests achieving 90%+ code coverage
- Fixed bugs and improved application performance

CERTIFICATIONS:
- Certified Google Cloud Practitioner
- UI/UX Designer Professional Certification

PROJECTS:
- Built an end-to-end visual design pipeline processing 149K records daily
- Developed a user research based dashboard for real-time monitoring",UI/UX Designer
"Sneha Rodriguez
Contact: sneha.rodriguez@email.com | Phone: +1-493-895-2130

PROFESSIONAL SUMMARY:
Results-driven Machine Learning Engineer with 7+ years of experience in developing and implementing reinforcement learning solutions.
Proficient in pytorch, python, neural networks with a strong track record of delivering high-quality projects on time.
Seeking to leverage expertise in serving to drive innovation and business growth.

EDUCATION:
Bachelor of Technology in Computer Science
GPA: 3.43

TECHNICAL SKILLS:
reinforcement learning, pytorch, python, neural networks, serving, a/b testing, hyperparameter tuning, model deployment

WORK EXPERIENCE:

Senior Machine Learning Engineer at Tech Solutions Inc. (2020 - Present)
- Led development of scalable reinforcement learning solutions serving 1M+ users
- Implemented pytorch architecture reducing processing time by 40%
- Collaborated with cross-functional teams using python methodologies
- Mentored junior developers and conducted code reviews

Machine Learning Engineer at Digital Innovations Ltd. (2019 - 2024)
- Developed and maintained neural networks applications with 99.9% uptime
- Optimized serving performance achieving 3x throughput improvement
- Participated in agile ceremonies and sprint planning
- Created technical documentation and API specifications

Junior Machine Learning Engineer at StartUp Hub (2017 - 2016)
- Assisted in building reinforcement learning based tools for data processing
- Wrote unit tests achieving 90%+ code coverage
- Fixed bugs and improved application performance

CERTIFICATIONS:
- Certified Azure Practitioner
- Machine Learning Engineer Professional Certification

PROJECTS:
- Built an end-to-end reinforcement learning pipeline processing 197K records daily
- Developed a pytorch based dashboard for real-time monitoring",Machine Learning Engineer
"Priya Smith
Contact: priya.smith@email.com | Phone: +1-377-490-1832

PROFESSIONAL SUMMARY:
Results-driven DevOps Engineer with 7+ years of experience in developing and implementing cloud solutions.
Proficient in automation, microservices, ansible with a strong track record of delivering high-quality projects on time.
Seeking to leverage expertise in bash scripting to drive innovation and business growth.

EDUCATION:
Master of Technology in Software Engineering
GPA: 3.55

TECHNICAL SKILLS:
cloud, automation, microservices, ansible, bash scripting, monitoring, ci/cd, linux

WORK EXPERIENCE:

Senior DevOps Engineer at Tech Solutions Inc. (2020 - Present)
- Led development of scalable cloud solutions serving 1M+ users
- Implemented automation architecture reducing processing time by 40%
- Collaborated with cross-functional teams using microservices methodologies
- Mentored junior developers and conducted code reviews

DevOps Engineer at Digital Innovations Ltd. (2017 - 2024)
- Developed and maintained ansible applications with 99.9% uptime
- Optimized bash scripting performance achieving 3x throughput improvement
- Participated in agile ceremonies and sprint planning
- Created technical documentation and API specifications

Junior DevOps Engineer at StartUp Hub (2013 - 2019)
- Assisted in building cloud based tools for data processing
- Wrote unit tests achieving 90%+ code coverage
- Fixed bugs and improved application performance

CERTIFICATIONS:
- Certified Google Cloud Practitioner
- DevOps Engineer Professional Certification

PROJECTS:
- Built an end-to-end cloud pipeline processing 60K records daily
- Developed a automation based dashboard for real-time monitoring",DevOps Engineer
"David Garcia
Contact: david.garcia@email.com | Phone: +1-460-525-1086

PROFESSIONAL SUMMARY:
Results-driven Cloud Engineer with 9+ years of experience in developing and implementing auto scaling solutions.
Proficient in docker, google cloud, azure with a strong track record of delivering high-quality projects on time.
Seeking to leverage expertise in serverless to drive innovation and business growth.

EDUCATION:
Master of Computer Applications
GPA: 3.84

TECHNICAL SKILLS:
auto scaling, docker, google cloud, azure, serverless, s3, cloud migration, lambda

WORK EXPERIENCE:

Senior Cloud Engineer at Tech Solutions Inc. (2024 - Present)
- Led development of scalable auto scaling solutions serving 1M+ users
- Implemented docker architecture reducing processing time by 40%
- Collaborated with cross-functional teams using google cloud methodologies
- Mentored junior developers and conducted code reviews

Cloud Engineer at Digital Innovations Ltd. (2017 - 2023)
- Developed and maintained azure applications with 99.9% uptime
- Optimized serverless performance achieving 3x throughput improvement
- Participated in agile ceremonies and sprint planning
- Created technical documentation and API specifications

Junior Cloud Engineer at StartUp Hub (2013 - 2019)
- Assisted in building auto scaling based tools for data processing
- Wrote unit tests achieving 90%+ code coverage
- Fixed bugs and improved application performance

CERTIFICATIONS:
- Certified Google Cloud Practitioner
- Cloud Engineer Professional Certification

PROJECTS:
- Built an end-to-end auto scaling pipeline processing 174K records daily
- Developed a docker based dashboard for real-time monitoring",Cloud Engineer
"Robert Sharma
Contact: robert.sharma@email.com | Phone: +1-580-201-2667

PROFESSIONAL SUMMARY:
Results-driven Database Administrator with 4+ years of experience in developing and implementing triggers solutions.
Proficient in mysql, postgresql, database design with a strong track record of delivering high-quality projects on time.
Seeking to leverage expertise in query optimization to drive innovation and business growth.

EDUCATION:
Master of Science in Computer Science
GPA: 3.67

TECHNICAL SKILLS:
triggers, mysql, postgresql, database design, query optimization, backup, recovery, sql

WORK EXPERIENCE:

Senior Database Administrator at Tech Solutions Inc. (2023 - Present)
- Led development of scalable triggers solutions serving 1M+ users
- Implemented mysql architecture reducing processing time by 40%
- Collaborated with cross-functional teams using postgresql methodologies
- Mentored junior developers and conducted code reviews

Database Administrator at Digital Innovations Ltd. (2016 - 2019)
- Developed and maintained database design applications with 99.9% uptime
- Optimized query optimization performance achieving 3x throughput improvement
- Participated in agile ceremonies and sprint planning
- Created technical documentation and API specifications

Junior Database Administrator at StartUp Hub (2013 - 2017)
- Assisted in building triggers based tools for data processing
- Wrote unit tests achieving 90%+ code coverage
- Fixed bugs and improved application performance

CERTIFICATIONS:
- Certified AWS Practitioner
- Database Administrator Professional Certification

PROJECTS:
- Built an end-to-end triggers pipeline processing 340K records daily
- Developed a mysql based dashboard for real-time monitoring",Database Administrator
"Alex Smith
Contact: alex.smith@email.com | Phone: +1-656-977-3048

PROFESSIONAL SUMMARY:
Results-driven Java Developer with 5+ years of experience in developing and implementing servlets solutions.
Proficient in collections, maven, multithreading with a strong track record of delivering high-quality projects on time.
Seeking to leverage expertise in mysql to drive innovation and business growth.

EDUCATION:
Master of Computer Applications
GPA: 3.95

TECHNICAL SKILLS:
servlets, collections, maven, multithreading, mysql, stream api, lambda, jdbc

WORK EXPERIENCE:

Senior Java Developer at Tech Solutions Inc. (2022 - Present)
- Led development of scalable servlets solutions serving 1M+ users
- Implemented collections architecture reducing processing time by 40%
- Collaborated with cross-functional teams using maven methodologies
- Mentored junior developers and conducted code reviews

Java Developer at Digital Innovations Ltd. (2018 - 2023)
- Developed and maintained multithreading applications with 99.9% uptime
- Optimized mysql performance achieving 3x throughput improvement
- Participated in agile ceremonies and sprint planning
- Created technical documentation and API specifications

Junior Java Developer at StartUp Hub (2013 - 2016)
- Assisted in building servlets based tools for data processing
- Wrote unit tests achieving 90%+ code coverage
- Fixed bugs and improved application performance

CERTIFICATIONS:
- Certified Google Cloud Practitioner
- Java Developer Professional Certification

PROJECTS:
- Built an end-to-end servlets pipeline processing 81K records daily
- Developed a collections based dashboard for real-time monitoring",Java Developer
"Jane Kumar
Contact: jane.kumar@email.com | Phone: +1-627-137-2234

PROFESSIONAL SUMMARY:
Results-driven UI/UX Designer with 9+ years of experience in developing and implementing visual design solutions.
Proficient in interaction design, information architecture, wireframe with a strong track record of delivering high-quality projects on time.
Seeking to leverage expertise in color theory to drive innovation and business growth.

EDUCATION:
Master of Technology in Software Engineering
GPA: 3.66

TECHNICAL SKILLS:
visual design, interaction design, information architecture, wireframe, color theory, journey mapping, prototype, responsive design

WORK EXPERIENCE:

Senior UI/UX Designer at Tech Solutions Inc. (2018 - Present)
- Led development of scalable visual design solutions serving 1M+ users
- Implemented interaction design architecture reducing processing time by 40%
- Collaborated with cross-functional teams using information architecture methodologies
- Mentored junior developers and conducted code reviews

UI/UX Designer at Digital Innovations Ltd. (2017 - 2019)
- Developed and maintained wireframe applications with 99.9% uptime
- Optimized color theory performance achieving 3x throughput improvement
- Participated in kanban ceremonies and sprint planning
- Created technical documentation and API specifications

Junior UI/UX Designer at StartUp Hub (2016 - 2017)
- Assisted in building visual design based tools for data processing
- Wrote unit tests achieving 90%+ code coverage
- Fixed bugs and improved application performance

CERTIFICATIONS:
- Certified AWS Practitioner
- UI/UX Designer Professional Certification

PROJECTS:
- Built an end-to-end visual design pipeline processing 233K records daily
- Developed a interaction design based dashboard for real-time monitoring",UI/UX Designer
"Alex Brown
Contact: alex.brown@email.com | Phone: +1-321-531-2895

PROFESSIONAL SUMMARY:
Results-driven QA Engineer with 4+ years of experience in developing and implementing junit solutions.
Proficient in stlc, api testing, quality assurance with a strong track record of delivering high-quality projects on time.
Seeking to leverage expertise in bdd to drive innovation and business growth.

EDUCATION:
Bachelor of Engineering in Information Technology
GPA: 3.32

TECHNICAL SKILLS:
junit, stlc, api testing, quality assurance, bdd, automation, continuous integration, performance testing

WORK EXPERIENCE:

Senior QA Engineer at Tech Solutions Inc. (2022 - Present)
- Led development of scalable junit solutions serving 1M+ users
- Implemented stlc architecture reducing processing time by 40%
- Collaborated with cross-functional teams using api testing methodologies
- Mentored junior developers and conducted code reviews

QA Engineer at Digital Innovations Ltd. (2015 - 2024)
- Developed and maintained quality assurance applications with 99.9% uptime
- Optimized bdd performance achieving 3x throughput improvement
- Participated in kanban ceremonies and sprint planning
- Created technical documentation and API specifications

Junior QA Engineer at StartUp Hub (2014 - 2015)
- Assisted in building junit based tools for data processing
- Wrote unit tests achieving 90%+ code coverage
- Fixed bugs and improved application performance

CERTIFICATIONS:
- Certified Google Cloud Practitioner
- QA Engineer Professional Certification

PROJECTS:
- Built an end-to-end junit pipeline processing 297K records daily
- Developed a stlc based dashboard for real-time monitoring",QA Engineer
"Lisa Rodriguez
Contact: lisa.rodriguez@email.com | Phone: +1-606-868-6732

PROFESSIONAL SUMMARY:
Results-driven DevOps Engineer with 6+ years of experience in developing and implementing automation solutions.
Proficient in configuration management, jenkins, terraform with a strong track record of delivering high-quality projects on time.
Seeking to leverage expertise in cloud to drive innovation and business growth.

EDUCATION:
Bachelor of Engineering in Information Technology
GPA: 3.98

TECHNICAL SKILLS:
automation, configuration management, jenkins, terraform, cloud, kubernetes, ansible, pipeline

WORK EXPERIENCE:

Senior DevOps Engineer at Tech Solutions Inc. (2023 - Present)
- Led development of scalable automation solutions serving 1M+ users
- Implemented configuration management architecture reducing processing time by 40%
- Collaborated with cross-functional teams using jenkins methodologies
- Mentored junior developers and conducted code reviews

DevOps Engineer at Digital Innovations Ltd. (2018 - 2023)
- Developed and maintained terraform applications with 99.9% uptime
- Optimized cloud performance achieving 3x throughput improvement
- Participated in kanban ceremonies and sprint planning
- Created technical documentation and API specifications

Junior DevOps Engineer at StartUp Hub (2013 - 2015)
- Assisted in building automation based tools for data processing
- Wrote unit tests achieving 90%+ code coverage
- Fixed bugs and improved application performance

CERTIFICATIONS:
- Certified Google Cloud Practitioner
- DevOps Engineer Professional Certification

PROJECTS:
- Built an end-to-end automation pipeline processing 447K records daily
- Developed a configuration management based dashboard for real-time monitoring",DevOps Engineer
"Priya Williams
Contact: priya.williams@email.com | Phone: +1-553-933-6919

PROFESSIONAL SUMMARY:
Results-driven Data Scientist with 7+ years of experience in developing and implementing scikit-learn solutions.
Proficient in sql, predictive modeling, data analysis with a strong track record of delivering high-quality projects on time.
Seeking to leverage expertise in machine learning to drive innovation and business growth.

EDUCATION:
Master of Technology in Software Engineering
GPA: 3.58

TECHNICAL SKILLS:
scikit-learn, sql, predictive modeling, data analysis, machine learning, clustering, tensorflow, python

WORK EXPERIENCE:

Senior Data Scientist at Tech Solutions Inc. (2023 - Present)
- Led development of scalable scikit-learn solutions serving 1M+ users
- Implemented sql architecture reducing processing time by 40%
- Collaborated with cross-functional teams using predictive modeling methodologies
- Mentored junior developers and conducted code reviews

Data Scientist at Digital Innovations Ltd. (2017 - 2018)
- Developed and maintained data analysis applications with 99.9% uptime
- Optimized machine learning performance achieving 3x throughput improvement
- Participated in scrum ceremonies and sprint planning
- Created technical documentation and API specifications

Junior Data Scientist at StartUp Hub (2017 - 2016)
- Assisted in building scikit-learn based tools for data processing
- Wrote unit tests achieving 90%+ code coverage
- Fixed bugs and improved application performance

CERTIFICATIONS:
- Certified Azure Practitioner
- Data Scientist Professional Certification

PROJECTS:
- Built an end-to-end scikit-learn pipeline processing 351K records daily
- Developed a sql based dashboard for real-time monitoring",Data Scientist
"Rahul Patel
Contact: rahul.patel@email.com | Phone: +1-924-532-7784

PROFESSIONAL SUMMARY:
Results-driven Data Engineer with 4+ years of experience in developing and implementing sql solutions.
Proficient in data lake, data pipeline, scala with a strong track record of delivering high-quality projects on time.
Seeking to leverage expertise in airflow to drive innovation and business growth.

EDUCATION:
Bachelor of Technology in Computer Science
GPA: 3.24

TECHNICAL SKILLS:
sql, data lake, data pipeline, scala, airflow, mongodb, hadoop, cloud infrastructure

WORK EXPERIENCE:

Senior Data Engineer at Tech Solutions Inc. (2020 - Present)
- Led development of scalable sql solutions serving 1M+ users
- Implemented data lake architecture reducing processing time by 40%
- Collaborated with cross-functional teams using data pipeline methodologies
- Mentored junior developers and conducted code reviews

Data Engineer at Digital Innovations Ltd. (2017 - 2023)
- Developed and maintained scala applications with 99.9% uptime
- Optimized airflow performance achieving 3x throughput improvement
- Participated in kanban ceremonies and sprint planning
- Created technical documentation and API specifications

Junior Data Engineer at StartUp Hub (2016 - 2016)
- Assisted in building sql based tools for data processing
- Wrote unit tests achieving 90%+ code coverage
- Fixed bugs and improved application performance

CERTIFICATIONS:
- Certified Azure Practitioner
- Data Engineer Professional Certification

PROJECTS:
- Built an end-to-end sql pipeline processing 425K records daily
- Developed a data lake based dashboard for real-time monitoring",Data Engineer
"Priya Garcia
Contact: priya.garcia@email.com | Phone: +1-563-706-5675

PROFESSIONAL SUMMARY:
Results-driven Systems Engineer with 5+ years of experience in developing and implementing infrastructure solutions.
Proficient in disaster recovery, dhcp, networking with a strong track record of delivering high-quality projects on time.
Seeking to leverage expertise in monitoring to drive innovation and business growth.

EDUCATION:
Master of Science in Computer Science
GPA: 3.2

TECHNICAL SKILLS:
infrastructure, disaster recovery, dhcp, networking, monitoring, system administration, bash, dns

WORK EXPERIENCE:

Senior Systems Engineer at Tech Solutions Inc. (2021 - Present)
- Led development of scalable infrastructure solutions serving 1M+ users
- Implemented disaster recovery architecture reducing processing time by 40%
- Collaborated with cross-functional teams using dhcp methodologies
- Mentored junior developers and conducted code reviews

Systems Engineer at Digital Innovations Ltd. (2015 - 2019)
- Developed and maintained networking applications with 99.9% uptime
- Optimized monitoring performance achieving 3x throughput improvement
- Participated in agile ceremonies and sprint planning
- Created technical documentation and API specifications

Junior Systems Engineer at StartUp Hub (2014 - 2018)
- Assisted in building infrastructure based tools for data processing
- Wrote unit tests achieving 90%+ code coverage
- Fixed bugs and improved application performance

CERTIFICATIONS:
- Certified Google Cloud Practitioner
- Systems Engineer Professional Certification

PROJECTS:
- Built an end-to-end infrastructure pipeline processing 143K records daily
- Developed a disaster recovery based dashboard for real-time monitoring",Systems Engineer
"James Chen
Contact: james.chen@email.com | Phone: +1-323-286-3511

PROFESSIONAL SUMMARY:
Results-driven Data Scientist with 1+ years of experience in developing and implementing clustering solutions.
Proficient in computer vision, sql, scikit-learn with a strong track record of delivering high-quality projects on time.
Seeking to leverage expertise in big data to drive innovation and business growth.

EDUCATION:
Bachelor of Technology in Computer Science
GPA: 3.04

TECHNICAL SKILLS:
clustering, computer vision, sql, scikit-learn, big data, classification, jupyter, neural networks

WORK EXPERIENCE:

Senior Data Scientist at Tech Solutions Inc. (2021 - Present)
- Led development of scalable clustering solutions serving 1M+ users
- Implemented computer vision architecture reducing processing time by 40%
- Collaborated with cross-functional teams using sql methodologies
- Mentored junior developers and conducted code reviews

Data Scientist at Digital Innovations Ltd. (2018 - 2020)
- Developed and maintained scikit-learn applications with 99.9% uptime
- Optimized big data performance achieving 3x throughput improvement
- Participated in kanban ceremonies and sprint planning
- Created technical documentation and API specifications

Junior Data Scientist at StartUp Hub (2014 - 2017)
- Assisted in building clustering based tools for data processing
- Wrote unit tests achieving 90%+ code coverage
- Fixed bugs and improved application performance

CERTIFICATIONS:
- Certified Google Cloud Practitioner
- Data Scientist Professional Certification

PROJECTS:
- Built an end-to-end clustering pipeline processing 156K records daily
- Developed a computer vision based dashboard for real-time monitoring",Data Scientist
"Jane Sharma
Contact: jane.sharma@email.com | Phone: +1-940-476-2460

PROFESSIONAL SUMMARY:
Results-driven Java Developer with 8+ years of experience in developing and implementing concurrency solutions.
Proficient in oracle, lambda, j2ee with a strong track record of delivering high-quality projects on time.
Seeking to leverage expertise in stream api to drive innovation and business growth.

EDUCATION:
Bachelor of Engineering in Information Technology
GPA: 3.1

TECHNICAL SKILLS:
concurrency, oracle, lambda, j2ee, stream api, jdbc, collections, jpa

WORK EXPERIENCE:

Senior Java Developer at Tech Solutions Inc. (2023 - Present)
- Led development of scalable concurrency solutions serving 1M+ users
- Implemented oracle architecture reducing processing time by 40%
- Collaborated with cross-functional teams using lambda methodologies
- Mentored junior developers and conducted code reviews

Java Developer at Digital Innovations Ltd. (2018 - 2023)
- Developed and maintained j2ee applications with 99.9% uptime
- Optimized stream api performance achieving 3x throughput improvement
- Participated in kanban ceremonies and sprint planning
- Created technical documentation and API specifications

Junior Java Developer at StartUp Hub (2013 - 2017)
- Assisted in building concurrency based tools for data processing
- Wrote unit tests achieving 90%+ code coverage
- Fixed bugs and improved application performance

CERTIFICATIONS:
- Certified Google Cloud Practitioner
- Java Developer Professional Certification

PROJECTS:
- Built an end-to-end concurrency pipeline processing 40K records daily
- Developed a oracle based dashboard for real-time monitoring",Java Developer
"David Miller
Contact: david.miller@email.com | Phone: +1-539-303-1160

PROFESSIONAL SUMMARY:
Results-driven Mobile Developer with 6+ years of experience in developing and implementing device compatibility solutions.
Proficient in push notifications, firebase, performance with a strong track record of delivering high-quality projects on time.
Seeking to leverage expertise in sqlite to drive innovation and business growth.

EDUCATION:
Master of Technology in Software Engineering
GPA: 3.43

TECHNICAL SKILLS:
device compatibility, push notifications, firebase, performance, sqlite, ios, debugging, mobile application

WORK EXPERIENCE:

Senior Mobile Developer at Tech Solutions Inc. (2018 - Present)
- Led development of scalable device compatibility solutions serving 1M+ users
- Implemented push notifications architecture reducing processing time by 40%
- Collaborated with cross-functional teams using firebase methodologies
- Mentored junior developers and conducted code reviews

Mobile Developer at Digital Innovations Ltd. (2019 - 2024)
- Developed and maintained performance applications with 99.9% uptime
- Optimized sqlite performance achieving 3x throughput improvement
- Participated in scrum ceremonies and sprint planning
- Created technical documentation and API specifications

Junior Mobile Developer at StartUp Hub (2017 - 2019)
- Assisted in building device compatibility based tools for data processing
- Wrote unit tests achieving 90%+ code coverage
- Fixed bugs and improved application performance

CERTIFICATIONS:
- Certified Google Cloud Practitioner
- Mobile Developer Professional Certification

PROJECTS:
- Built an end-to-end device compatibility pipeline processing 88K records daily
- Developed a push notifications based dashboard for real-time monitoring",Mobile Developer
"David Singh
Contact: david.singh@email.com | Phone: +1-924-148-2168

PROFESSIONAL SUMMARY:
Results-driven Data Engineer with 5+ years of experience in developing and implementing cloud infrastructure solutions.
Proficient in snowflake, etl, big data with a strong track record of delivering high-quality projects on time.
Seeking to leverage expertise in scala to drive innovation and business growth.

EDUCATION:
Master of Computer Applications
GPA: 3.77

TECHNICAL SKILLS:
cloud infrastructure, snowflake, etl, big data, scala, aws, orchestration, apache spark

WORK EXPERIENCE:

Senior Data Engineer at Tech Solutions Inc. (2018 - Present)
- Led development of scalable cloud infrastructure solutions serving 1M+ users
- Implemented snowflake architecture reducing processing time by 40%
- Collaborated with cross-functional teams using etl methodologies
- Mentored junior developers and conducted code reviews

Data Engineer at Digital Innovations Ltd. (2018 - 2022)
- Developed and maintained big data applications with 99.9% uptime
- Optimized scala performance achieving 3x throughput improvement
- Participated in scrum ceremonies and sprint planning
- Created technical documentation and API specifications

Junior Data Engineer at StartUp Hub (2015 - 2017)
- Assisted in building cloud infrastructure based tools for data processing
- Wrote unit tests achieving 90%+ code coverage
- Fixed bugs and improved application performance

CERTIFICATIONS:
- Certified Azure Practitioner
- Data Engineer Professional Certification

PROJECTS:
- Built an end-to-end cloud infrastructure pipeline processing 170K records daily
- Developed a snowflake based dashboard for real-time monitoring",Data Engineer
"Amit Miller
Contact: amit.miller@email.com | Phone: +1-685-793-9347

PROFESSIONAL SUMMARY:
Results-driven Data Engineer with 4+ years of experience in developing and implementing cloud infrastructure solutions.
Proficient in aws, snowflake, mongodb with a strong track record of delivering high-quality projects on time.
Seeking to leverage expertise in airflow to drive innovation and business growth.

EDUCATION:
Master of Technology in Software Engineering
GPA: 3.26

TECHNICAL SKILLS:
cloud infrastructure, aws, snowflake, mongodb, airflow, apache spark, data pipeline, python

WORK EXPERIENCE:

Senior Data Engineer at Tech Solutions Inc. (2022 - Present)
- Led development of scalable cloud infrastructure solutions serving 1M+ users
- Implemented aws architecture reducing processing time by 40%
- Collaborated with cross-functional teams using snowflake methodologies
- Mentored junior developers and conducted code reviews

Data Engineer at Digital Innovations Ltd. (2016 - 2024)
- Developed and maintained mongodb applications with 99.9% uptime
- Optimized airflow performance achieving 3x throughput improvement
- Participated in scrum ceremonies and sprint planning
- Created technical documentation and API specifications

Junior Data Engineer at StartUp Hub (2013 - 2019)
- Assisted in building cloud infrastructure based tools for data processing
- Wrote unit tests achieving 90%+ code coverage
- Fixed bugs and improved application performance

CERTIFICATIONS:
- Certified Google Cloud Practitioner
- Data Engineer Professional Certification

PROJECTS:
- Built an end-to-end cloud infrastructure pipeline processing 393K records daily
- Developed a aws based dashboard for real-time monitoring",Data Engineer
"Alex Martinez
Contact: alex.martinez@email.com | Phone: +1-632-727-7589

PROFESSIONAL SUMMARY:
Results-driven UI/UX Designer with 5+ years of experience in developing and implementing persona solutions.
Proficient in user research, journey mapping, accessibility with a strong track record of delivering high-quality projects on time.
Seeking to leverage expertise in figma to drive innovation and business growth.

EDUCATION:
Bachelor of Technology in Computer Science
GPA: 3.49

TECHNICAL SKILLS:
persona, user research, journey mapping, accessibility, figma, user interface, interaction design, color theory

WORK EXPERIENCE:

Senior UI/UX Designer at Tech Solutions Inc. (2021 - Present)
- Led development of scalable persona solutions serving 1M+ users
- Implemented user research architecture reducing processing time by 40%
- Collaborated with cross-functional teams using journey mapping methodologies
- Mentored junior developers and conducted code reviews

UI/UX Designer at Digital Innovations Ltd. (2019 - 2024)
- Developed and maintained accessibility applications with 99.9% uptime
- Optimized figma performance achieving 3x throughput improvement
- Participated in scrum ceremonies and sprint planning
- Created technical documentation and API specifications

Junior UI/UX Designer at StartUp Hub (2014 - 2018)
- Assisted in building persona based tools for data processing
- Wrote unit tests achieving 90%+ code coverage
- Fixed bugs and improved application performance

CERTIFICATIONS:
- Certified Google Cloud Practitioner
- UI/UX Designer Professional Certification

PROJECTS:
- Built an end-to-end persona pipeline processing 311K records daily
- Developed a user research based dashboard for real-time monitoring",UI/UX Designer
"Priya Patel
Contact: priya.patel@email.com | Phone: +1-539-897-6450

PROFESSIONAL SUMMARY:
Results-driven Data Scientist with 12+ years of experience in developing and implementing natural language processing solutions.
Proficient in pandas, machine learning, computer vision with a strong track record of delivering high-quality projects on time.
Seeking to leverage expertise in research to drive innovation and business growth.

EDUCATION:
Master of Technology in Software Engineering
GPA: 3.32

TECHNICAL SKILLS:
natural language processing, pandas, machine learning, computer vision, research, clustering, deep learning, regression

WORK EXPERIENCE:

Senior Data Scientist at Tech Solutions Inc. (2024 - Present)
- Led development of scalable natural language processing solutions serving 1M+ users
- Implemented pandas architecture reducing processing time by 40%
- Collaborated with cross-functional teams using machine learning methodologies
- Mentored junior developers and conducted code reviews

Data Scientist at Digital Innovations Ltd. (2018 - 2018)
- Developed and maintained computer vision applications with 99.9% uptime
- Optimized research performance achieving 3x throughput improvement
- Participated in kanban ceremonies and sprint planning
- Created technical documentation and API specifications

Junior Data Scientist at StartUp Hub (2013 - 2015)
- Assisted in building natural language processing based tools for data processing
- Wrote unit tests achieving 90%+ code coverage
- Fixed bugs and improved application performance

CERTIFICATIONS:
- Certified AWS Practitioner
- Data Scientist Professional Certification

PROJECTS:
- Built an end-to-end natural language processing pipeline processing 292K records daily
- Developed a pandas based dashboard for real-time monitoring",Data Scientist
"Rahul Singh
Contact: rahul.singh@email.com | Phone: +1-617-862-1680

PROFESSIONAL SUMMARY:
Results-driven Software Engineer with 9+ years of experience in developing and implementing debugging solutions.
Proficient in testing, ci/cd, microservices with a strong track record of delivering high-quality projects on time.
Seeking to leverage expertise in code review to drive innovation and business growth.

EDUCATION:
Bachelor of Technology in Computer Science
GPA: 3.2

TECHNICAL SKILLS:
debugging, testing, ci/cd, microservices, code review, linux, system design, agile

WORK EXPERIENCE:

Senior Software Engineer at Tech Solutions Inc. (2022 - Present)
- Led development of scalable debugging solutions serving 1M+ users
- Implemented testing architecture reducing processing time by 40%
- Collaborated with cross-functional teams using ci/cd methodologies
- Mentored junior developers and conducted code reviews

Software Engineer at Digital Innovations Ltd. (2018 - 2021)
- Developed and maintained microservices applications with 99.9% uptime
- Optimized code review performance achieving 3x throughput improvement
- Participated in agile ceremonies and sprint planning
- Created technical documentation and API specifications

Junior Software Engineer at StartUp Hub (2015 - 2015)
- Assisted in building debugging based tools for data processing
- Wrote unit tests achieving 90%+ code coverage
- Fixed bugs and improved application performance

CERTIFICATIONS:
- Certified Google Cloud Practitioner
- Software Engineer Professional Certification

PROJECTS:
- Built an end-to-end debugging pipeline processing 58K records daily
- Developed a testing based dashboard for real-time monitoring",Software Engineer
"Sarah Martinez
Contact: sarah.martinez@email.com | Phone: +1-268-759-7166

PROFESSIONAL SUMMARY:
Results-driven DevOps Engineer with 11+ years of experience in developing and implementing containerization solutions.
Proficient in microservices, monitoring, ansible with a strong track record of delivering high-quality projects on time.
Seeking to leverage expertise in jenkins to drive innovation and business growth.

EDUCATION:
Bachelor of Engineering in Information Technology
GPA: 3.46

TECHNICAL SKILLS:
containerization, microservices, monitoring, ansible, jenkins, kubernetes, automation, cloud

WORK EXPERIENCE:

Senior DevOps Engineer at Tech Solutions Inc. (2023 - Present)
- Led development of scalable containerization solutions serving 1M+ users
- Implemented microservices architecture reducing processing time by 40%
- Collaborated with cross-functional teams using monitoring methodologies
- Mentored junior developers and conducted code reviews

DevOps Engineer at Digital Innovations Ltd. (2017 - 2021)
- Developed and maintained ansible applications with 99.9% uptime
- Optimized jenkins performance achieving 3x throughput improvement
- Participated in scrum ceremonies and sprint planning
- Created technical documentation and API specifications

Junior DevOps Engineer at StartUp Hub (2017 - 2016)
- Assisted in building containerization based tools for data processing
- Wrote unit tests achieving 90%+ code coverage
- Fixed bugs and improved application performance

CERTIFICATIONS:
- Certified AWS Practitioner
- DevOps Engineer Professional Certification

PROJECTS:
- Built an end-to-end containerization pipeline processing 490K records daily
- Developed a microservices based dashboard for real-time monitoring",DevOps Engineer
"Maria Williams
Contact: maria.williams@email.com | Phone: +1-246-983-3971

PROFESSIONAL SUMMARY:
Results-driven QA Engineer with 13+ years of experience in developing and implementing performance testing solutions.
Proficient in test cases, bug tracking, pytest with a strong track record of delivering high-quality projects on time.
Seeking to leverage expertise in continuous integration to drive innovation and business growth.

EDUCATION:
Bachelor of Science in Data Science
GPA: 3.13

TECHNICAL SKILLS:
performance testing, test cases, bug tracking, pytest, continuous integration, selenium, quality assurance, defect management

WORK EXPERIENCE:

Senior QA Engineer at Tech Solutions Inc. (2024 - Present)
- Led development of scalable performance testing solutions serving 1M+ users
- Implemented test cases architecture reducing processing time by 40%
- Collaborated with cross-functional teams using bug tracking methodologies
- Mentored junior developers and conducted code reviews

QA Engineer at Digital Innovations Ltd. (2015 - 2019)
- Developed and maintained pytest applications with 99.9% uptime
- Optimized continuous integration performance achieving 3x throughput improvement
- Participated in scrum ceremonies and sprint planning
- Created technical documentation and API specifications

Junior QA Engineer at StartUp Hub (2014 - 2015)
- Assisted in building performance testing based tools for data processing
- Wrote unit tests achieving 90%+ code coverage
- Fixed bugs and improved application performance

CERTIFICATIONS:
- Certified Azure Practitioner
- QA Engineer Professional Certification

PROJECTS:
- Built an end-to-end performance testing pipeline processing 323K records daily
- Developed a test cases based dashboard for real-time monitoring",QA Engineer
"Lisa Singh
Contact: lisa.singh@email.com | Phone: +1-976-102-7228

PROFESSIONAL SUMMARY:
Results-driven Database Administrator with 14+ years of experience in developing and implementing database management solutions.
Proficient in high availability, replication, oracle with a strong track record of delivering high-quality projects on time.
Seeking to leverage expertise in postgresql to drive innovation and business growth.

EDUCATION:
Master of Science in Computer Science
GPA: 3.86

TECHNICAL SKILLS:
database management, high availability, replication, oracle, postgresql, er diagram, triggers, recovery

WORK EXPERIENCE:

Senior Database Administrator at Tech Solutions Inc. (2019 - Present)
- Led development of scalable database management solutions serving 1M+ users
- Implemented high availability architecture reducing processing time by 40%
- Collaborated with cross-functional teams using replication methodologies
- Mentored junior developers and conducted code reviews

Database Administrator at Digital Innovations Ltd. (2018 - 2022)
- Developed and maintained oracle applications with 99.9% uptime
- Optimized postgresql performance achieving 3x throughput improvement
- Participated in agile ceremonies and sprint planning
- Created technical documentation and API specifications

Junior Database Administrator at StartUp Hub (2014 - 2015)
- Assisted in building database management based tools for data processing
- Wrote unit tests achieving 90%+ code coverage
- Fixed bugs and improved application performance

CERTIFICATIONS:
- Certified AWS Practitioner
- Database Administrator Professional Certification

PROJECTS:
- Built an end-to-end database management pipeline processing 491K records daily
- Developed a high availability based dashboard for real-time monitoring",Database Administrator
"Robert Patel
Contact: robert.patel@email.com | Phone: +1-578-172-9089

PROFESSIONAL SUMMARY:
Results-driven Cloud Engineer with 4+ years of experience in developing and implementing kubernetes solutions.
Proficient in vpc, terraform, auto scaling with a strong track record of delivering high-quality projects on time.
Seeking to leverage expertise in serverless to drive innovation and business growth.

EDUCATION:
Bachelor of Science in Data Science
GPA: 4.0

TECHNICAL SKILLS:
kubernetes, vpc, terraform, auto scaling, serverless, load balancer, s3, google cloud

WORK EXPERIENCE:

Senior Cloud Engineer at Tech Solutions Inc. (2021 - Present)
- Led development of scalable kubernetes solutions serving 1M+ users
- Implemented vpc architecture reducing processing time by 40%
- Collaborated with cross-functional teams using terraform methodologies
- Mentored junior developers and conducted code reviews

Cloud Engineer at Digital Innovations Ltd. (2015 - 2020)
- Developed and maintained auto scaling applications with 99.9% uptime
- Optimized serverless performance achieving 3x throughput improvement
- Participated in agile ceremonies and sprint planning
- Created technical documentation and API specifications

Junior Cloud Engineer at StartUp Hub (2013 - 2016)
- Assisted in building kubernetes based tools for data processing
- Wrote unit tests achieving 90%+ code coverage
- Fixed bugs and improved application performance

CERTIFICATIONS:
- Certified Azure Practitioner
- Cloud Engineer Professional Certification

PROJECTS:
- Built an end-to-end kubernetes pipeline processing 221K records daily
- Developed a vpc based dashboard for real-time monitoring",Cloud Engineer
"Robert Chen
Contact: robert.chen@email.com | Phone: +1-420-694-5277

PROFESSIONAL SUMMARY:
Results-driven Full Stack Developer with 6+ years of experience in developing and implementing docker solutions.
Proficient in typescript, node.js, css with a strong track record of delivering high-quality projects on time.
Seeking to leverage expertise in html to drive innovation and business growth.

EDUCATION:
Bachelor of Science in Data Science
GPA: 3.28

TECHNICAL SKILLS:
docker, typescript, node.js, css, html, database, javascript, django

WORK EXPERIENCE:

Senior Full Stack Developer at Tech Solutions Inc. (2021 - Present)
- Led development of scalable docker solutions serving 1M+ users
- Implemented typescript architecture reducing processing time by 40%
- Collaborated with cross-functional teams using node.js methodologies
- Mentored junior developers and conducted code reviews

Full Stack Developer at Digital Innovations Ltd. (2018 - 2024)
- Developed and maintained css applications with 99.9% uptime
- Optimized html performance achieving 3x throughput improvement
- Participated in scrum ceremonies and sprint planning
- Created technical documentation and API specifications

Junior Full Stack Developer at StartUp Hub (2016 - 2015)
- Assisted in building docker based tools for data processing
- Wrote unit tests achieving 90%+ code coverage
- Fixed bugs and improved application performance

CERTIFICATIONS:
- Certified Google Cloud Practitioner
- Full Stack Developer Professional Certification

PROJECTS:
- Built an end-to-end docker pipeline processing 469K records daily
- Developed a typescript based dashboard for real-time monitoring",Full Stack Developer
"David Chen
Contact: david.chen@email.com | Phone: +1-253-829-3575

PROFESSIONAL SUMMARY:
Results-driven Systems Engineer with 6+ years of experience in developing and implementing virtualization solutions.
Proficient in scripting, dhcp, bash with a strong track record of delivering high-quality projects on time.
Seeking to leverage expertise in vmware to drive innovation and business growth.

EDUCATION:
Bachelor of Engineering in Information Technology
GPA: 4.0

TECHNICAL SKILLS:
virtualization, scripting, dhcp, bash, vmware, linux, troubleshooting, hardware

WORK EXPERIENCE:

Senior Systems Engineer at Tech Solutions Inc. (2023 - Present)
- Led development of scalable virtualization solutions serving 1M+ users
- Implemented scripting architecture reducing processing time by 40%
- Collaborated with cross-functional teams using dhcp methodologies
- Mentored junior developers and conducted code reviews

Systems Engineer at Digital Innovations Ltd. (2017 - 2018)
- Developed and maintained bash applications with 99.9% uptime
- Optimized vmware performance achieving 3x throughput improvement
- Participated in kanban ceremonies and sprint planning
- Created technical documentation and API specifications

Junior Systems Engineer at StartUp Hub (2014 - 2019)
- Assisted in building virtualization based tools for data processing
- Wrote unit tests achieving 90%+ code coverage
- Fixed bugs and improved application performance

CERTIFICATIONS:
- Certified Google Cloud Practitioner
- Systems Engineer Professional Certification

PROJECTS:
- Built an end-to-end virtualization pipeline processing 138K records daily
- Developed a scripting based dashboard for real-time monitoring",Systems Engineer
"Amit Garcia
Contact: amit.garcia@email.com | Phone: +1-635-998-3530

PROFESSIONAL SUMMARY:
Results-driven Frontend Developer with 14+ years of experience in developing and implementing angular solutions.
Proficient in responsive, tailwind, component library with a strong track record of delivering high-quality projects on time.
Seeking to leverage expertise in typescript to drive innovation and business growth.

EDUCATION:
Bachelor of Science in Data Science
GPA: 3.4

TECHNICAL SKILLS:
angular, responsive, tailwind, component library, typescript, vue.js, html, webpack

WORK EXPERIENCE:

Senior Frontend Developer at Tech Solutions Inc. (2018 - Present)
- Led development of scalable angular solutions serving 1M+ users
- Implemented responsive architecture reducing processing time by 40%
- Collaborated with cross-functional teams using tailwind methodologies
- Mentored junior developers and conducted code reviews

Frontend Developer at Digital Innovations Ltd. (2019 - 2022)
- Developed and maintained component library applications with 99.9% uptime
- Optimized typescript performance achieving 3x throughput improvement
- Participated in scrum ceremonies and sprint planning
- Created technical documentation and API specifications

Junior Frontend Developer at StartUp Hub (2017 - 2016)
- Assisted in building angular based tools for data processing
- Wrote unit tests achieving 90%+ code coverage
- Fixed bugs and improved application performance

CERTIFICATIONS:
- Certified AWS Practitioner
- Frontend Developer Professional Certification

PROJECTS:
- Built an end-to-end angular pipeline processing 88K records daily
- Developed a responsive based dashboard for real-time monitoring",Frontend Developer
"Maria Sharma
Contact: maria.sharma@email.com | Phone: +1-414-528-9982

PROFESSIONAL SUMMARY:
Results-driven Systems Engineer with 12+ years of experience in developing and implementing windows server solutions.
Proficient in backup, troubleshooting, security with a strong track record of delivering high-quality projects on time.
Seeking to leverage expertise in dhcp to drive innovation and business growth.

EDUCATION:
Master of Computer Applications
GPA: 3.32

TECHNICAL SKILLS:
windows server, backup, troubleshooting, security, dhcp, vmware, linux, bash

WORK EXPERIENCE:

Senior Systems Engineer at Tech Solutions Inc. (2020 - Present)
- Led development of scalable windows server solutions serving 1M+ users
- Implemented backup architecture reducing processing time by 40%
- Collaborated with cross-functional teams using troubleshooting methodologies
- Mentored junior developers and conducted code reviews

Systems Engineer at Digital Innovations Ltd. (2015 - 2019)
- Developed and maintained security applications with 99.9% uptime
- Optimized dhcp performance achieving 3x throughput improvement
- Participated in agile ceremonies and sprint planning
- Created technical documentation and API specifications

Junior Systems Engineer at StartUp Hub (2017 - 2017)
- Assisted in building windows server based tools for data processing
- Wrote unit tests achieving 90%+ code coverage
- Fixed bugs and improved application performance

CERTIFICATIONS:
- Certified AWS Practitioner
- Systems Engineer Professional Certification

PROJECTS:
- Built an end-to-end windows server pipeline processing 173K records daily
- Developed a backup based dashboard for real-time monitoring",Systems Engineer
"Sneha Davis
Contact: sneha.davis@email.com | Phone: +1-644-397-6047

PROFESSIONAL SUMMARY:
Results-driven Database Administrator with 1+ years of experience in developing and implementing mongodb solutions.
Proficient in pl/sql, indexes, backup with a strong track record of delivering high-quality projects on time.
Seeking to leverage expertise in replication to drive innovation and business growth.

EDUCATION:
Master of Science in Computer Science
GPA: 3.96

TECHNICAL SKILLS:
mongodb, pl/sql, indexes, backup, replication, triggers, ssrs, database management

WORK EXPERIENCE:

Senior Database Administrator at Tech Solutions Inc. (2021 - Present)
- Led development of scalable mongodb solutions serving 1M+ users
- Implemented pl/sql architecture reducing processing time by 40%
- Collaborated with cross-functional teams using indexes methodologies
- Mentored junior developers and conducted code reviews

Database Administrator at Digital Innovations Ltd. (2015 - 2021)
- Developed and maintained backup applications with 99.9% uptime
- Optimized replication performance achieving 3x throughput improvement
- Participated in agile ceremonies and sprint planning
- Created technical documentation and API specifications

Junior Database Administrator at StartUp Hub (2014 - 2017)
- Assisted in building mongodb based tools for data processing
- Wrote unit tests achieving 90%+ code coverage
- Fixed bugs and improved application performance

CERTIFICATIONS:
- Certified AWS Practitioner
- Database Administrator Professional Certification

PROJECTS:
- Built an end-to-end mongodb pipeline processing 384K records daily
- Developed a pl/sql based dashboard for real-time monitoring",Database Administrator
"Amit Johnson
Contact: amit.johnson@email.com | Phone: +1-492-764-9623

PROFESSIONAL SUMMARY:
Results-driven Python Developer with 4+ years of experience in developing and implementing postgresql solutions.
Proficient in django, pip, flask with a strong track record of delivering high-quality projects on time.
Seeking to leverage expertise in web scraping to drive innovation and business growth.

EDUCATION:
Master of Science in Computer Science
GPA: 3.02

TECHNICAL SKILLS:
postgresql, django, pip, flask, web scraping, numpy, python, pandas

WORK EXPERIENCE:

Senior Python Developer at Tech Solutions Inc. (2023 - Present)
- Led development of scalable postgresql solutions serving 1M+ users
- Implemented django architecture reducing processing time by 40%
- Collaborated with cross-functional teams using pip methodologies
- Mentored junior developers and conducted code reviews

Python Developer at Digital Innovations Ltd. (2015 - 2024)
- Developed and maintained flask applications with 99.9% uptime
- Optimized web scraping performance achieving 3x throughput improvement
- Participated in agile ceremonies and sprint planning
- Created technical documentation and API specifications

Junior Python Developer at StartUp Hub (2013 - 2018)
- Assisted in building postgresql based tools for data processing
- Wrote unit tests achieving 90%+ code coverage
- Fixed bugs and improved application performance

CERTIFICATIONS:
- Certified Google Cloud Practitioner
- Python Developer Professional Certification

PROJECTS:
- Built an end-to-end postgresql pipeline processing 302K records daily
- Developed a django based dashboard for real-time monitoring",Python Developer
"Amit Singh
Contact: amit.singh@email.com | Phone: +1-465-523-4199

PROFESSIONAL SUMMARY:
Results-driven UI/UX Designer with 5+ years of experience in developing and implementing responsive design solutions.
Proficient in figma, interaction design, adobe xd with a strong track record of delivering high-quality projects on time.
Seeking to leverage expertise in journey mapping to drive innovation and business growth.

EDUCATION:
Master of Computer Applications
GPA: 3.14

TECHNICAL SKILLS:
responsive design, figma, interaction design, adobe xd, journey mapping, user experience, user interface, a/b testing

WORK EXPERIENCE:

Senior UI/UX Designer at Tech Solutions Inc. (2020 - Present)
- Led development of scalable responsive design solutions serving 1M+ users
- Implemented figma architecture reducing processing time by 40%
- Collaborated with cross-functional teams using interaction design methodologies
- Mentored junior developers and conducted code reviews

UI/UX Designer at Digital Innovations Ltd. (2018 - 2021)
- Developed and maintained adobe xd applications with 99.9% uptime
- Optimized journey mapping performance achieving 3x throughput improvement
- Participated in scrum ceremonies and sprint planning
- Created technical documentation and API specifications

Junior UI/UX Designer at StartUp Hub (2013 - 2015)
- Assisted in building responsive design based tools for data processing
- Wrote unit tests achieving 90%+ code coverage
- Fixed bugs and improved application performance

CERTIFICATIONS:
- Certified Google Cloud Practitioner
- UI/UX Designer Professional Certification

PROJECTS:
- Built an end-to-end responsive design pipeline processing 232K records daily
- Developed a figma based dashboard for real-time monitoring",UI/UX Designer
"Emily Jones
Contact: emily.jones@email.com | Phone: +1-961-647-9942

PROFESSIONAL SUMMARY:
Results-driven DevOps Engineer with 8+ years of experience in developing and implementing groovy solutions.
Proficient in configuration management, cloud, terraform with a strong track record of delivering high-quality projects on time.
Seeking to leverage expertise in containerization to drive innovation and business growth.

EDUCATION:
Bachelor of Technology in Computer Science
GPA: 3.26

TECHNICAL SKILLS:
groovy, configuration management, cloud, terraform, containerization, ansible, bash scripting, deployment

WORK EXPERIENCE:

Senior DevOps Engineer at Tech Solutions Inc. (2020 - Present)
- Led development of scalable groovy solutions serving 1M+ users
- Implemented configuration management architecture reducing processing time by 40%
- Collaborated with cross-functional teams using cloud methodologies
- Mentored junior developers and conducted code reviews

DevOps Engineer at Digital Innovations Ltd. (2018 - 2020)
- Developed and maintained terraform applications with 99.9% uptime
- Optimized containerization performance achieving 3x throughput improvement
- Participated in agile ceremonies and sprint planning
- Created technical documentation and API specifications

Junior DevOps Engineer at StartUp Hub (2015 - 2019)
- Assisted in building groovy based tools for data processing
- Wrote unit tests achieving 90%+ code coverage
- Fixed bugs and improved application performance

CERTIFICATIONS:
- Certified Google Cloud Practitioner
- DevOps Engineer Professional Certification

PROJECTS:
- Built an end-to-end groovy pipeline processing 491K records daily
- Developed a configuration management based dashboard for real-time monitoring",DevOps Engineer
"Sarah Davis
Contact: sarah.davis@email.com | Phone: +1-367-438-3240

PROFESSIONAL SUMMARY:
Results-driven Cloud Engineer with 11+ years of experience in developing and implementing serverless solutions.
Proficient in terraform, lambda, kubernetes with a strong track record of delivering high-quality projects on time.
Seeking to leverage expertise in s3 to drive innovation and business growth.

EDUCATION:
Bachelor of Science in Data Science
GPA: 3.31

TECHNICAL SKILLS:
serverless, terraform, lambda, kubernetes, s3, cloudformation, docker, auto scaling

WORK EXPERIENCE:

Senior Cloud Engineer at Tech Solutions Inc. (2023 - Present)
- Led development of scalable serverless solutions serving 1M+ users
- Implemented terraform architecture reducing processing time by 40%
- Collaborated with cross-functional teams using lambda methodologies
- Mentored junior developers and conducted code reviews

Cloud Engineer at Digital Innovations Ltd. (2019 - 2023)
- Developed and maintained kubernetes applications with 99.9% uptime
- Optimized s3 performance achieving 3x throughput improvement
- Participated in kanban ceremonies and sprint planning
- Created technical documentation and API specifications

Junior Cloud Engineer at StartUp Hub (2015 - 2018)
- Assisted in building serverless based tools for data processing
- Wrote unit tests achieving 90%+ code coverage
- Fixed bugs and improved application performance

CERTIFICATIONS:
- Certified Google Cloud Practitioner
- Cloud Engineer Professional Certification

PROJECTS:
- Built an end-to-end serverless pipeline processing 52K records daily
- Developed a terraform based dashboard for real-time monitoring",Cloud Engineer
"Priya Johnson
Contact: priya.johnson@email.com | Phone: +1-297-949-7941

PROFESSIONAL SUMMARY:
Results-driven Java Developer with 6+ years of experience in developing and implementing junit solutions.
Proficient in design patterns, maven, stream api with a strong track record of delivering high-quality projects on time.
Seeking to leverage expertise in collections to drive innovation and business growth.

EDUCATION:
Master of Science in Computer Science
GPA: 3.55

TECHNICAL SKILLS:
junit, design patterns, maven, stream api, collections, mysql, servlets, jpa

WORK EXPERIENCE:

Senior Java Developer at Tech Solutions Inc. (2020 - Present)
- Led development of scalable junit solutions serving 1M+ users
- Implemented design patterns architecture reducing processing time by 40%
- Collaborated with cross-functional teams using maven methodologies
- Mentored junior developers and conducted code reviews

Java Developer at Digital Innovations Ltd. (2016 - 2021)
- Developed and maintained stream api applications with 99.9% uptime
- Optimized collections performance achieving 3x throughput improvement
- Participated in agile ceremonies and sprint planning
- Created technical documentation and API specifications

Junior Java Developer at StartUp Hub (2013 - 2018)
- Assisted in building junit based tools for data processing
- Wrote unit tests achieving 90%+ code coverage
- Fixed bugs and improved application performance

CERTIFICATIONS:
- Certified Azure Practitioner
- Java Developer Professional Certification

PROJECTS:
- Built an end-to-end junit pipeline processing 256K records daily
- Developed a design patterns based dashboard for real-time monitoring",Java Developer
"Sarah Kumar
Contact: sarah.kumar@email.com | Phone: +1-405-738-5535

PROFESSIONAL SUMMARY:
Results-driven Systems Engineer with 4+ years of experience in developing and implementing linux solutions.
Proficient in networking, powershell, backup with a strong track record of delivering high-quality projects on time.
Seeking to leverage expertise in tcp/ip to drive innovation and business growth.

EDUCATION:
Master of Computer Applications
GPA: 3.79

TECHNICAL SKILLS:
linux, networking, powershell, backup, tcp/ip, scripting, system administration, dhcp

WORK EXPERIENCE:

Senior Systems Engineer at Tech Solutions Inc. (2018 - Present)
- Led development of scalable linux solutions serving 1M+ users
- Implemented networking architecture reducing processing time by 40%
- Collaborated with cross-functional teams using powershell methodologies
- Mentored junior developers and conducted code reviews

Systems Engineer at Digital Innovations Ltd. (2019 - 2021)
- Developed and maintained backup applications with 99.9% uptime
- Optimized tcp/ip performance achieving 3x throughput improvement
- Participated in scrum ceremonies and sprint planning
- Created technical documentation and API specifications

Junior Systems Engineer at StartUp Hub (2015 - 2019)
- Assisted in building linux based tools for data processing
- Wrote unit tests achieving 90%+ code coverage
- Fixed bugs and improved application performance

CERTIFICATIONS:
- Certified Google Cloud Practitioner
- Systems Engineer Professional Certification

PROJECTS:
- Built an end-to-end linux pipeline processing 409K records daily
- Developed a networking based dashboard for real-time monitoring",Systems Engineer
"Sneha Brown
Contact: sneha.brown@email.com | Phone: +1-749-681-7382

PROFESSIONAL SUMMARY:
Results-driven QA Engineer with 9+ years of experience in developing and implementing testing solutions.
Proficient in api testing, load testing, continuous integration with a strong track record of delivering high-quality projects on time.
Seeking to leverage expertise in performance testing to drive innovation and business growth.

EDUCATION:
Bachelor of Engineering in Information Technology
GPA: 3.79

TECHNICAL SKILLS:
testing, api testing, load testing, continuous integration, performance testing, junit, manual testing, pytest

WORK EXPERIENCE:

Senior QA Engineer at Tech Solutions Inc. (2021 - Present)
- Led development of scalable testing solutions serving 1M+ users
- Implemented api testing architecture reducing processing time by 40%
- Collaborated with cross-functional teams using load testing methodologies
- Mentored junior developers and conducted code reviews

QA Engineer at Digital Innovations Ltd. (2015 - 2021)
- Developed and maintained continuous integration applications with 99.9% uptime
- Optimized performance testing performance achieving 3x throughput improvement
- Participated in scrum ceremonies and sprint planning
- Created technical documentation and API specifications

Junior QA Engineer at StartUp Hub (2014 - 2019)
- Assisted in building testing based tools for data processing
- Wrote unit tests achieving 90%+ code coverage
- Fixed bugs and improved application performance

CERTIFICATIONS:
- Certified Google Cloud Practitioner
- QA Engineer Professional Certification

PROJECTS:
- Built an end-to-end testing pipeline processing 135K records daily
- Developed a api testing based dashboard for real-time monitoring",QA Engineer
"Emily Kumar
Contact: emily.kumar@email.com | Phone: +1-397-359-1659

PROFESSIONAL SUMMARY:
Results-driven Backend Developer with 1+ years of experience in developing and implementing postgresql solutions.
Proficient in graphql, caching, java with a strong track record of delivering high-quality projects on time.
Seeking to leverage expertise in redis to drive innovation and business growth.

EDUCATION:
Bachelor of Technology in Computer Science
GPA: 3.79

TECHNICAL SKILLS:
postgresql, graphql, caching, java, redis, microservices, python, mongodb

WORK EXPERIENCE:

Senior Backend Developer at Tech Solutions Inc. (2020 - Present)
- Led development of scalable postgresql solutions serving 1M+ users
- Implemented graphql architecture reducing processing time by 40%
- Collaborated with cross-functional teams using caching methodologies
- Mentored junior developers and conducted code reviews

Backend Developer at Digital Innovations Ltd. (2018 - 2020)
- Developed and maintained java applications with 99.9% uptime
- Optimized redis performance achieving 3x throughput improvement
- Participated in kanban ceremonies and sprint planning
- Created technical documentation and API specifications

Junior Backend Developer at StartUp Hub (2013 - 2016)
- Assisted in building postgresql based tools for data processing
- Wrote unit tests achieving 90%+ code coverage
- Fixed bugs and improved application performance

CERTIFICATIONS:
- Certified AWS Practitioner
- Backend Developer Professional Certification

PROJECTS:
- Built an end-to-end postgresql pipeline processing 70K records daily
- Developed a graphql based dashboard for real-time monitoring",Backend Developer
"Emily Jones
Contact: emily.jones@email.com | Phone: +1-486-745-5263

PROFESSIONAL SUMMARY:
Results-driven DevOps Engineer with 11+ years of experience in developing and implementing ansible solutions.
Proficient in microservices, jenkins, groovy with a strong track record of delivering high-quality projects on time.
Seeking to leverage expertise in deployment to drive innovation and business growth.

EDUCATION:
Bachelor of Technology in Computer Science
GPA: 3.25

TECHNICAL SKILLS:
ansible, microservices, jenkins, groovy, deployment, linux, pipeline, docker

WORK EXPERIENCE:

Senior DevOps Engineer at Tech Solutions Inc. (2022 - Present)
- Led development of scalable ansible solutions serving 1M+ users
- Implemented microservices architecture reducing processing time by 40%
- Collaborated with cross-functional teams using jenkins methodologies
- Mentored junior developers and conducted code reviews

DevOps Engineer at Digital Innovations Ltd. (2015 - 2022)
- Developed and maintained groovy applications with 99.9% uptime
- Optimized deployment performance achieving 3x throughput improvement
- Participated in kanban ceremonies and sprint planning
- Created technical documentation and API specifications

Junior DevOps Engineer at StartUp Hub (2014 - 2019)
- Assisted in building ansible based tools for data processing
- Wrote unit tests achieving 90%+ code coverage
- Fixed bugs and improved application performance

CERTIFICATIONS:
- Certified AWS Practitioner
- DevOps Engineer Professional Certification

PROJECTS:
- Built an end-to-end ansible pipeline processing 419K records daily
- Developed a microservices based dashboard for real-time monitoring",DevOps Engineer
"Lisa Kumar
Contact: lisa.kumar@email.com | Phone: +1-908-769-1203

PROFESSIONAL SUMMARY:
Results-driven Data Engineer with 4+ years of experience in developing and implementing aws solutions.
Proficient in scala, big data, orchestration with a strong track record of delivering high-quality projects on time.
Seeking to leverage expertise in kafka to drive innovation and business growth.

EDUCATION:
Master of Computer Applications
GPA: 3.85

TECHNICAL SKILLS:
aws, scala, big data, orchestration, kafka, sql, data lake, redis

WORK EXPERIENCE:

Senior Data Engineer at Tech Solutions Inc. (2022 - Present)
- Led development of scalable aws solutions serving 1M+ users
- Implemented scala architecture reducing processing time by 40%
- Collaborated with cross-functional teams using big data methodologies
- Mentored junior developers and conducted code reviews

Data Engineer at Digital Innovations Ltd. (2015 - 2021)
- Developed and maintained orchestration applications with 99.9% uptime
- Optimized kafka performance achieving 3x throughput improvement
- Participated in kanban ceremonies and sprint planning
- Created technical documentation and API specifications

Junior Data Engineer at StartUp Hub (2017 - 2016)
- Assisted in building aws based tools for data processing
- Wrote unit tests achieving 90%+ code coverage
- Fixed bugs and improved application performance

CERTIFICATIONS:
- Certified Azure Practitioner
- Data Engineer Professional Certification

PROJECTS:
- Built an end-to-end aws pipeline processing 66K records daily
- Developed a scala based dashboard for real-time monitoring",Data Engineer
"Rahul Patel
Contact: rahul.patel@email.com | Phone: +1-792-213-1317

PROFESSIONAL SUMMARY:
Results-driven Python Developer with 5+ years of experience in developing and implementing git solutions.
Proficient in fastapi, python, api development with a strong track record of delivering high-quality projects on time.
Seeking to leverage expertise in automation to drive innovation and business growth.

EDUCATION:
Bachelor of Science in Data Science
GPA: 3.59

TECHNICAL SKILLS:
git, fastapi, python, api development, automation, rest api, redis, flask

WORK EXPERIENCE:

Senior Python Developer at Tech Solutions Inc. (2019 - Present)
- Led development of scalable git solutions serving 1M+ users
- Implemented fastapi architecture reducing processing time by 40%
- Collaborated with cross-functional teams using python methodologies
- Mentored junior developers and conducted code reviews

Python Developer at Digital Innovations Ltd. (2017 - 2019)
- Developed and maintained api development applications with 99.9% uptime
- Optimized automation performance achieving 3x throughput improvement
- Participated in kanban ceremonies and sprint planning
- Created technical documentation and API specifications

Junior Python Developer at StartUp Hub (2017 - 2019)
- Assisted in building git based tools for data processing
- Wrote unit tests achieving 90%+ code coverage
- Fixed bugs and improved application performance

CERTIFICATIONS:
- Certified AWS Practitioner
- Python Developer Professional Certification

PROJECTS:
- Built an end-to-end git pipeline processing 271K records daily
- Developed a fastapi based dashboard for real-time monitoring",Python Developer
"David Garcia
Contact: david.garcia@email.com | Phone: +1-864-821-7716

PROFESSIONAL SUMMARY:
Results-driven Machine Learning Engineer with 6+ years of experience in developing and implementing model training solutions.
Proficient in python, machine learning, model deployment with a strong track record of delivering high-quality projects on time.
Seeking to leverage expertise in neural networks to drive innovation and business growth.

EDUCATION:
Master of Computer Applications
GPA: 3.47

TECHNICAL SKILLS:
model training, python, machine learning, model deployment, neural networks, distributed computing, deep learning, reinforcement learning

WORK EXPERIENCE:

Senior Machine Learning Engineer at Tech Solutions Inc. (2019 - Present)
- Led development of scalable model training solutions serving 1M+ users
- Implemented python architecture reducing processing time by 40%
- Collaborated with cross-functional teams using machine learning methodologies
- Mentored junior developers and conducted code reviews

Machine Learning Engineer at Digital Innovations Ltd. (2017 - 2020)
- Developed and maintained model deployment applications with 99.9% uptime
- Optimized neural networks performance achieving 3x throughput improvement
- Participated in scrum ceremonies and sprint planning
- Created technical documentation and API specifications

Junior Machine Learning Engineer at StartUp Hub (2013 - 2015)
- Assisted in building model training based tools for data processing
- Wrote unit tests achieving 90%+ code coverage
- Fixed bugs and improved application performance

CERTIFICATIONS:
- Certified AWS Practitioner
- Machine Learning Engineer Professional Certification

PROJECTS:
- Built an end-to-end model training pipeline processing 118K records daily
- Developed a python based dashboard for real-time monitoring",Machine Learning Engineer
"James Kumar
Contact: james.kumar@email.com | Phone: +1-387-540-2499

PROFESSIONAL SUMMARY:
Results-driven Systems Engineer with 11+ years of experience in developing and implementing hardware solutions.
Proficient in dhcp, tcp/ip, scripting with a strong track record of delivering high-quality projects on time.
Seeking to leverage expertise in troubleshooting to drive innovation and business growth.

EDUCATION:
Bachelor of Science in Data Science
GPA: 3.44

TECHNICAL SKILLS:
hardware, dhcp, tcp/ip, scripting, troubleshooting, disaster recovery, powershell, bash

WORK EXPERIENCE:

Senior Systems Engineer at Tech Solutions Inc. (2022 - Present)
- Led development of scalable hardware solutions serving 1M+ users
- Implemented dhcp architecture reducing processing time by 40%
- Collaborated with cross-functional teams using tcp/ip methodologies
- Mentored junior developers and conducted code reviews

Systems Engineer at Digital Innovations Ltd. (2019 - 2023)
- Developed and maintained scripting applications with 99.9% uptime
- Optimized troubleshooting performance achieving 3x throughput improvement
- Participated in kanban ceremonies and sprint planning
- Created technical documentation and API specifications

Junior Systems Engineer at StartUp Hub (2015 - 2018)
- Assisted in building hardware based tools for data processing
- Wrote unit tests achieving 90%+ code coverage
- Fixed bugs and improved application performance

CERTIFICATIONS:
- Certified Azure Practitioner
- Systems Engineer Professional Certification

PROJECTS:
- Built an end-to-end hardware pipeline processing 355K records daily
- Developed a dhcp based dashboard for real-time monitoring",Systems Engineer
"Jane Smith
Contact: jane.smith@email.com | Phone: +1-307-993-9502

PROFESSIONAL SUMMARY:
Results-driven Python Developer with 13+ years of experience in developing and implementing pip solutions.
Proficient in postgresql, redis, numpy with a strong track record of delivering high-quality projects on time.
Seeking to leverage expertise in unit testing to drive innovation and business growth.

EDUCATION:
Master of Science in Computer Science
GPA: 3.46

TECHNICAL SKILLS:
pip, postgresql, redis, numpy, unit testing, python, fastapi, object oriented

WORK EXPERIENCE:

Senior Python Developer at Tech Solutions Inc. (2019 - Present)
- Led development of scalable pip solutions serving 1M+ users
- Implemented postgresql architecture reducing processing time by 40%
- Collaborated with cross-functional teams using redis methodologies
- Mentored junior developers and conducted code reviews

Python Developer at Digital Innovations Ltd. (2017 - 2024)
- Developed and maintained numpy applications with 99.9% uptime
- Optimized unit testing performance achieving 3x throughput improvement
- Participated in agile ceremonies and sprint planning
- Created technical documentation and API specifications

Junior Python Developer at StartUp Hub (2017 - 2016)
- Assisted in building pip based tools for data processing
- Wrote unit tests achieving 90%+ code coverage
- Fixed bugs and improved application performance

CERTIFICATIONS:
- Certified Google Cloud Practitioner
- Python Developer Professional Certification

PROJECTS:
- Built an end-to-end pip pipeline processing 388K records daily
- Developed a postgresql based dashboard for real-time monitoring",Python Developer
"Sarah Johnson
Contact: sarah.johnson@email.com | Phone: +1-763-882-7628

PROFESSIONAL SUMMARY:
Results-driven Mobile Developer with 6+ years of experience in developing and implementing rest api solutions.
Proficient in device compatibility, app store, debugging with a strong track record of delivering high-quality projects on time.
Seeking to leverage expertise in agile to drive innovation and business growth.

EDUCATION:
Master of Science in Computer Science
GPA: 3.53

TECHNICAL SKILLS:
rest api, device compatibility, app store, debugging, agile, ios, firebase, kotlin

WORK EXPERIENCE:

Senior Mobile Developer at Tech Solutions Inc. (2022 - Present)
- Led development of scalable rest api solutions serving 1M+ users
- Implemented device compatibility architecture reducing processing time by 40%
- Collaborated with cross-functional teams using app store methodologies
- Mentored junior developers and conducted code reviews

Mobile Developer at Digital Innovations Ltd. (2015 - 2021)
- Developed and maintained debugging applications with 99.9% uptime
- Optimized agile performance achieving 3x throughput improvement
- Participated in kanban ceremonies and sprint planning
- Created technical documentation and API specifications

Junior Mobile Developer at StartUp Hub (2015 - 2019)
- Assisted in building rest api based tools for data processing
- Wrote unit tests achieving 90%+ code coverage
- Fixed bugs and improved application performance

CERTIFICATIONS:
- Certified Azure Practitioner
- Mobile Developer Professional Certification

PROJECTS:
- Built an end-to-end rest api pipeline processing 65K records daily
- Developed a device compatibility based dashboard for real-time monitoring",Mobile Developer
"Lisa Miller
Contact: lisa.miller@email.com | Phone: +1-391-104-7009

PROFESSIONAL SUMMARY:
Results-driven UI/UX Designer with 11+ years of experience in developing and implementing user interface solutions.
Proficient in accessibility, figma, design system with a strong track record of delivering high-quality projects on time.
Seeking to leverage expertise in information architecture to drive innovation and business growth.

EDUCATION:
Bachelor of Science in Data Science
GPA: 3.58

TECHNICAL SKILLS:
user interface, accessibility, figma, design system, information architecture, user experience, responsive design, journey mapping

WORK EXPERIENCE:

Senior UI/UX Designer at Tech Solutions Inc. (2024 - Present)
- Led development of scalable user interface solutions serving 1M+ users
- Implemented accessibility architecture reducing processing time by 40%
- Collaborated with cross-functional teams using figma methodologies
- Mentored junior developers and conducted code reviews

UI/UX Designer at Digital Innovations Ltd. (2019 - 2020)
- Developed and maintained design system applications with 99.9% uptime
- Optimized information architecture performance achieving 3x throughput improvement
- Participated in agile ceremonies and sprint planning
- Created technical documentation and API specifications

Junior UI/UX Designer at StartUp Hub (2017 - 2019)
- Assisted in building user interface based tools for data processing
- Wrote unit tests achieving 90%+ code coverage
- Fixed bugs and improved application performance

CERTIFICATIONS:
- Certified AWS Practitioner
- UI/UX Designer Professional Certification

PROJECTS:
- Built an end-to-end user interface pipeline processing 68K records daily
- Developed a accessibility based dashboard for real-time monitoring",UI/UX Designer
"John Williams
Contact: john.williams@email.com | Phone: +1-842-868-2028

PROFESSIONAL SUMMARY:
Results-driven Data Scientist with 5+ years of experience in developing and implementing clustering solutions.
Proficient in data analysis, scikit-learn, research with a strong track record of delivering high-quality projects on time.
Seeking to leverage expertise in sql to drive innovation and business growth.

EDUCATION:
Master of Computer Applications
GPA: 3.56

TECHNICAL SKILLS:
clustering, data analysis, scikit-learn, research, sql, jupyter, deep learning, python

WORK EXPERIENCE:

Senior Data Scientist at Tech Solutions Inc. (2024 - Present)
- Led development of scalable clustering solutions serving 1M+ users
- Implemented data analysis architecture reducing processing time by 40%
- Collaborated with cross-functional teams using scikit-learn methodologies
- Mentored junior developers and conducted code reviews

Data Scientist at Digital Innovations Ltd. (2017 - 2018)
- Developed and maintained research applications with 99.9% uptime
- Optimized sql performance achieving 3x throughput improvement
- Participated in kanban ceremonies and sprint planning
- Created technical documentation and API specifications

Junior Data Scientist at StartUp Hub (2014 - 2016)
- Assisted in building clustering based tools for data processing
- Wrote unit tests achieving 90%+ code coverage
- Fixed bugs and improved application performance

CERTIFICATIONS:
- Certified AWS Practitioner
- Data Scientist Professional Certification

PROJECTS:
- Built an end-to-end clustering pipeline processing 188K records daily
- Developed a data analysis based dashboard for real-time monitoring",Data Scientist
"Sneha Jones
Contact: sneha.jones@email.com | Phone: +1-387-227-9392

PROFESSIONAL SUMMARY:
Results-driven Data Analyst with 13+ years of experience in developing and implementing pivot tables solutions.
Proficient in python, power bi, data visualization with a strong track record of delivering high-quality projects on time.
Seeking to leverage expertise in dashboard to drive innovation and business growth.

EDUCATION:
Bachelor of Science in Data Science
GPA: 3.77

TECHNICAL SKILLS:
pivot tables, python, power bi, data visualization, dashboard, pandas, sql, reporting

WORK EXPERIENCE:

Senior Data Analyst at Tech Solutions Inc. (2021 - Present)
- Led development of scalable pivot tables solutions serving 1M+ users
- Implemented python architecture reducing processing time by 40%
- Collaborated with cross-functional teams using power bi methodologies
- Mentored junior developers and conducted code reviews

Data Analyst at Digital Innovations Ltd. (2017 - 2019)
- Developed and maintained data visualization applications with 99.9% uptime
- Optimized dashboard performance achieving 3x throughput improvement
- Participated in kanban ceremonies and sprint planning
- Created technical documentation and API specifications

Junior Data Analyst at StartUp Hub (2013 - 2016)
- Assisted in building pivot tables based tools for data processing
- Wrote unit tests achieving 90%+ code coverage
- Fixed bugs and improved application performance

CERTIFICATIONS:
- Certified Azure Practitioner
- Data Analyst Professional Certification

PROJECTS:
- Built an end-to-end pivot tables pipeline processing 471K records daily
- Developed a python based dashboard for real-time monitoring",Data Analyst
"Emily Patel
Contact: emily.patel@email.com | Phone: +1-913-341-9032

PROFESSIONAL SUMMARY:
Results-driven Python Developer with 4+ years of experience in developing and implementing pandas solutions.
Proficient in git, unit testing, django with a strong track record of delivering high-quality projects on time.
Seeking to leverage expertise in api development to drive innovation and business growth.

EDUCATION:
Bachelor of Technology in Computer Science
GPA: 3.52

TECHNICAL SKILLS:
pandas, git, unit testing, django, api development, fastapi, virtualenv, celery

WORK EXPERIENCE:

Senior Python Developer at Tech Solutions Inc. (2018 - Present)
- Led development of scalable pandas solutions serving 1M+ users
- Implemented git architecture reducing processing time by 40%
- Collaborated with cross-functional teams using unit testing methodologies
- Mentored junior developers and conducted code reviews

Python Developer at Digital Innovations Ltd. (2015 - 2022)
- Developed and maintained django applications with 99.9% uptime
- Optimized api development performance achieving 3x throughput improvement
- Participated in scrum ceremonies and sprint planning
- Created technical documentation and API specifications

Junior Python Developer at StartUp Hub (2013 - 2019)
- Assisted in building pandas based tools for data processing
- Wrote unit tests achieving 90%+ code coverage
- Fixed bugs and improved application performance

CERTIFICATIONS:
- Certified Azure Practitioner
- Python Developer Professional Certification

PROJECTS:
- Built an end-to-end pandas pipeline processing 415K records daily
- Developed a git based dashboard for real-time monitoring",Python Developer
"Maria Williams
Contact: maria.williams@email.com | Phone: +1-849-214-8178

PROFESSIONAL SUMMARY:
Results-driven Cloud Engineer with 14+ years of experience in developing and implementing google cloud solutions.
Proficient in infrastructure as code, lambda, cloudformation with a strong track record of delivering high-quality projects on time.
Seeking to leverage expertise in networking to drive innovation and business growth.

EDUCATION:
Master of Science in Computer Science
GPA: 3.25

TECHNICAL SKILLS:
google cloud, infrastructure as code, lambda, cloudformation, networking, ec2, cloud computing, docker

WORK EXPERIENCE:

Senior Cloud Engineer at Tech Solutions Inc. (2024 - Present)
- Led development of scalable google cloud solutions serving 1M+ users
- Implemented infrastructure as code architecture reducing processing time by 40%
- Collaborated with cross-functional teams using lambda methodologies
- Mentored junior developers and conducted code reviews

Cloud Engineer at Digital Innovations Ltd. (2017 - 2023)
- Developed and maintained cloudformation applications with 99.9% uptime
- Optimized networking performance achieving 3x throughput improvement
- Participated in kanban ceremonies and sprint planning
- Created technical documentation and API specifications

Junior Cloud Engineer at StartUp Hub (2016 - 2017)
- Assisted in building google cloud based tools for data processing
- Wrote unit tests achieving 90%+ code coverage
- Fixed bugs and improved application performance

CERTIFICATIONS:
- Certified AWS Practitioner
- Cloud Engineer Professional Certification

PROJECTS:
- Built an end-to-end google cloud pipeline processing 146K records daily
- Developed a infrastructure as code based dashboard for real-time monitoring",Cloud Engineer
"Jane Patel
Contact: jane.patel@email.com | Phone: +1-777-845-2480

PROFESSIONAL SUMMARY:
Results-driven Full Stack Developer with 10+ years of experience in developing and implementing mongodb solutions.
Proficient in ci/cd, agile, django with a strong track record of delivering high-quality projects on time.
Seeking to leverage expertise in css to drive innovation and business growth.

EDUCATION:
Bachelor of Science in Data Science
GPA: 3.36

TECHNICAL SKILLS:
mongodb, ci/cd, agile, django, css, html, git, docker

WORK EXPERIENCE:

Senior Full Stack Developer at Tech Solutions Inc. (2022 - Present)
- Led development of scalable mongodb solutions serving 1M+ users
- Implemented ci/cd architecture reducing processing time by 40%
- Collaborated with cross-functional teams using agile methodologies
- Mentored junior developers and conducted code reviews

Full Stack Developer at Digital Innovations Ltd. (2015 - 2023)
- Developed and maintained django applications with 99.9% uptime
- Optimized css performance achieving 3x throughput improvement
- Participated in scrum ceremonies and sprint planning
- Created technical documentation and API specifications

Junior Full Stack Developer at StartUp Hub (2016 - 2018)
- Assisted in building mongodb based tools for data processing
- Wrote unit tests achieving 90%+ code coverage
- Fixed bugs and improved application performance

CERTIFICATIONS:
- Certified Google Cloud Practitioner
- Full Stack Developer Professional Certification

PROJECTS:
- Built an end-to-end mongodb pipeline processing 55K records daily
- Developed a ci/cd based dashboard for real-time monitoring",Full Stack Developer
"Sarah Chen
Contact: sarah.chen@email.com | Phone: +1-804-624-7915

PROFESSIONAL SUMMARY:
Results-driven Network Engineer with 2+ years of experience in developing and implementing cisco solutions.
Proficient in vpn, firewall, ospf with a strong track record of delivering high-quality projects on time.
Seeking to leverage expertise in bgp to drive innovation and business growth.

EDUCATION:
Master of Science in Computer Science
GPA: 4.0

TECHNICAL SKILLS:
cisco, vpn, firewall, ospf, bgp, routing, tcp/ip, wireless

WORK EXPERIENCE:

Senior Network Engineer at Tech Solutions Inc. (2019 - Present)
- Led development of scalable cisco solutions serving 1M+ users
- Implemented vpn architecture reducing processing time by 40%
- Collaborated with cross-functional teams using firewall methodologies
- Mentored junior developers and conducted code reviews

Network Engineer at Digital Innovations Ltd. (2019 - 2024)
- Developed and maintained ospf applications with 99.9% uptime
- Optimized bgp performance achieving 3x throughput improvement
- Participated in agile ceremonies and sprint planning
- Created technical documentation and API specifications

Junior Network Engineer at StartUp Hub (2015 - 2015)
- Assisted in building cisco based tools for data processing
- Wrote unit tests achieving 90%+ code coverage
- Fixed bugs and improved application performance

CERTIFICATIONS:
- Certified Azure Practitioner
- Network Engineer Professional Certification

PROJECTS:
- Built an end-to-end cisco pipeline processing 126K records daily
- Developed a vpn based dashboard for real-time monitoring",Network Engineer
"Sneha Miller
Contact: sneha.miller@email.com | Phone: +1-412-357-8072

PROFESSIONAL SUMMARY:
Results-driven Full Stack Developer with 8+ years of experience in developing and implementing html solutions.
Proficient in django, mongodb, agile with a strong track record of delivering high-quality projects on time.
Seeking to leverage expertise in ci/cd to drive innovation and business growth.

EDUCATION:
Bachelor of Technology in Computer Science
GPA: 3.39

TECHNICAL SKILLS:
html, django, mongodb, agile, ci/cd, react, postgresql, node.js

WORK EXPERIENCE:

Senior Full Stack Developer at Tech Solutions Inc. (2021 - Present)
- Led development of scalable html solutions serving 1M+ users
- Implemented django architecture reducing processing time by 40%
- Collaborated with cross-functional teams using mongodb methodologies
- Mentored junior developers and conducted code reviews

Full Stack Developer at Digital Innovations Ltd. (2017 - 2020)
- Developed and maintained agile applications with 99.9% uptime
- Optimized ci/cd performance achieving 3x throughput improvement
- Participated in scrum ceremonies and sprint planning
- Created technical documentation and API specifications

Junior Full Stack Developer at StartUp Hub (2017 - 2016)
- Assisted in building html based tools for data processing
- Wrote unit tests achieving 90%+ code coverage
- Fixed bugs and improved application performance

CERTIFICATIONS:
- Certified Azure Practitioner
- Full Stack Developer Professional Certification

PROJECTS:
- Built an end-to-end html pipeline processing 263K records daily
- Developed a django based dashboard for real-time monitoring",Full Stack Developer
"Priya Chen
Contact: priya.chen@email.com | Phone: +1-477-295-8059

PROFESSIONAL SUMMARY:
Results-driven Python Developer with 14+ years of experience in developing and implementing redis solutions.
Proficient in pandas, automation, fastapi with a strong track record of delivering high-quality projects on time.
Seeking to leverage expertise in git to drive innovation and business growth.

EDUCATION:
Bachelor of Science in Data Science
GPA: 3.69

TECHNICAL SKILLS:
redis, pandas, automation, fastapi, git, web scraping, api development, unit testing

WORK EXPERIENCE:

Senior Python Developer at Tech Solutions Inc. (2019 - Present)
- Led development of scalable redis solutions serving 1M+ users
- Implemented pandas architecture reducing processing time by 40%
- Collaborated with cross-functional teams using automation methodologies
- Mentored junior developers and conducted code reviews

Python Developer at Digital Innovations Ltd. (2018 - 2020)
- Developed and maintained fastapi applications with 99.9% uptime
- Optimized git performance achieving 3x throughput improvement
- Participated in agile ceremonies and sprint planning
- Created technical documentation and API specifications

Junior Python Developer at StartUp Hub (2016 - 2015)
- Assisted in building redis based tools for data processing
- Wrote unit tests achieving 90%+ code coverage
- Fixed bugs and improved application performance

CERTIFICATIONS:
- Certified Azure Practitioner
- Python Developer Professional Certification

PROJECTS:
- Built an end-to-end redis pipeline processing 383K records daily
- Developed a pandas based dashboard for real-time monitoring",Python Developer
"David Brown
Contact: david.brown@email.com | Phone: +1-735-261-1593

PROFESSIONAL SUMMARY:
Results-driven Backend Developer with 4+ years of experience in developing and implementing authentication solutions.
Proficient in express, mongodb, caching with a strong track record of delivering high-quality projects on time.
Seeking to leverage expertise in python to drive innovation and business growth.

EDUCATION:
Master of Computer Applications
GPA: 3.6

TECHNICAL SKILLS:
authentication, express, mongodb, caching, python, docker, java, serverless

WORK EXPERIENCE:

Senior Backend Developer at Tech Solutions Inc. (2021 - Present)
- Led development of scalable authentication solutions serving 1M+ users
- Implemented express architecture reducing processing time by 40%
- Collaborated with cross-functional teams using mongodb methodologies
- Mentored junior developers and conducted code reviews

Backend Developer at Digital Innovations Ltd. (2018 - 2020)
- Developed and maintained caching applications with 99.9% uptime
- Optimized python performance achieving 3x throughput improvement
- Participated in agile ceremonies and sprint planning
- Created technical documentation and API specifications

Junior Backend Developer at StartUp Hub (2015 - 2019)
- Assisted in building authentication based tools for data processing
- Wrote unit tests achieving 90%+ code coverage
- Fixed bugs and improved application performance

CERTIFICATIONS:
- Certified Azure Practitioner
- Backend Developer Professional Certification

PROJECTS:
- Built an end-to-end authentication pipeline processing 323K records daily
- Developed a express based dashboard for real-time monitoring",Backend Developer
"David Johnson
Contact: david.johnson@email.com | Phone: +1-546-628-7783

PROFESSIONAL SUMMARY:
Results-driven DevOps Engineer with 11+ years of experience in developing and implementing bash scripting solutions.
Proficient in terraform, microservices, kubernetes with a strong track record of delivering high-quality projects on time.
Seeking to leverage expertise in docker to drive innovation and business growth.

EDUCATION:
Master of Science in Computer Science
GPA: 3.22

TECHNICAL SKILLS:
bash scripting, terraform, microservices, kubernetes, docker, groovy, ansible, jenkins

WORK EXPERIENCE:

Senior DevOps Engineer at Tech Solutions Inc. (2021 - Present)
- Led development of scalable bash scripting solutions serving 1M+ users
- Implemented terraform architecture reducing processing time by 40%
- Collaborated with cross-functional teams using microservices methodologies
- Mentored junior developers and conducted code reviews

DevOps Engineer at Digital Innovations Ltd. (2017 - 2020)
- Developed and maintained kubernetes applications with 99.9% uptime
- Optimized docker performance achieving 3x throughput improvement
- Participated in scrum ceremonies and sprint planning
- Created technical documentation and API specifications

Junior DevOps Engineer at StartUp Hub (2013 - 2018)
- Assisted in building bash scripting based tools for data processing
- Wrote unit tests achieving 90%+ code coverage
- Fixed bugs and improved application performance

CERTIFICATIONS:
- Certified Azure Practitioner
- DevOps Engineer Professional Certification

PROJECTS:
- Built an end-to-end bash scripting pipeline processing 353K records daily
- Developed a terraform based dashboard for real-time monitoring",DevOps Engineer
"Maria Rodriguez
Contact: maria.rodriguez@email.com | Phone: +1-201-996-6423

PROFESSIONAL SUMMARY:
Results-driven Data Scientist with 4+ years of experience in developing and implementing regression solutions.
Proficient in tensorflow, python, neural networks with a strong track record of delivering high-quality projects on time.
Seeking to leverage expertise in classification to drive innovation and business growth.

EDUCATION:
Master of Technology in Software Engineering
GPA: 3.97

TECHNICAL SKILLS:
regression, tensorflow, python, neural networks, classification, data analysis, data mining, clustering

WORK EXPERIENCE:

Senior Data Scientist at Tech Solutions Inc. (2022 - Present)
- Led development of scalable regression solutions serving 1M+ users
- Implemented tensorflow architecture reducing processing time by 40%
- Collaborated with cross-functional teams using python methodologies
- Mentored junior developers and conducted code reviews

Data Scientist at Digital Innovations Ltd. (2019 - 2020)
- Developed and maintained neural networks applications with 99.9% uptime
- Optimized classification performance achieving 3x throughput improvement
- Participated in kanban ceremonies and sprint planning
- Created technical documentation and API specifications

Junior Data Scientist at StartUp Hub (2013 - 2015)
- Assisted in building regression based tools for data processing
- Wrote unit tests achieving 90%+ code coverage
- Fixed bugs and improved application performance

CERTIFICATIONS:
- Certified Google Cloud Practitioner
- Data Scientist Professional Certification

PROJECTS:
- Built an end-to-end regression pipeline processing 156K records daily
- Developed a tensorflow based dashboard for real-time monitoring",Data Scientist
"Robert Davis
Contact: robert.davis@email.com | Phone: +1-473-102-7469

PROFESSIONAL SUMMARY:
Results-driven Data Analyst with 8+ years of experience in developing and implementing vlookup solutions.
Proficient in data cleaning, data visualization, tableau with a strong track record of delivering high-quality projects on time.
Seeking to leverage expertise in etl to drive innovation and business growth.

EDUCATION:
Master of Technology in Software Engineering
GPA: 3.64

TECHNICAL SKILLS:
vlookup, data cleaning, data visualization, tableau, etl, trend analysis, sql, reporting

WORK EXPERIENCE:

Senior Data Analyst at Tech Solutions Inc. (2022 - Present)
- Led development of scalable vlookup solutions serving 1M+ users
- Implemented data cleaning architecture reducing processing time by 40%
- Collaborated with cross-functional teams using data visualization methodologies
- Mentored junior developers and conducted code reviews

Data Analyst at Digital Innovations Ltd. (2018 - 2023)
- Developed and maintained tableau applications with 99.9% uptime
- Optimized etl performance achieving 3x throughput improvement
- Participated in scrum ceremonies and sprint planning
- Created technical documentation and API specifications

Junior Data Analyst at StartUp Hub (2013 - 2018)
- Assisted in building vlookup based tools for data processing
- Wrote unit tests achieving 90%+ code coverage
- Fixed bugs and improved application performance

CERTIFICATIONS:
- Certified AWS Practitioner
- Data Analyst Professional Certification

PROJECTS:
- Built an end-to-end vlookup pipeline processing 261K records daily
- Developed a data cleaning based dashboard for real-time monitoring",Data Analyst
"Emily Singh
Contact: emily.singh@email.com | Phone: +1-901-646-6661

PROFESSIONAL SUMMARY:
Results-driven Machine Learning Engineer with 4+ years of experience in developing and implementing scikit-learn solutions.
Proficient in a/b testing, nlp, model deployment with a strong track record of delivering high-quality projects on time.
Seeking to leverage expertise in feature engineering to drive innovation and business growth.

EDUCATION:
Bachelor of Science in Data Science
GPA: 3.8

TECHNICAL SKILLS:
scikit-learn, a/b testing, nlp, model deployment, feature engineering, distributed computing, neural networks, mlops

WORK EXPERIENCE:

Senior Machine Learning Engineer at Tech Solutions Inc. (2020 - Present)
- Led development of scalable scikit-learn solutions serving 1M+ users
- Implemented a/b testing architecture reducing processing time by 40%
- Collaborated with cross-functional teams using nlp methodologies
- Mentored junior developers and conducted code reviews

Machine Learning Engineer at Digital Innovations Ltd. (2018 - 2018)
- Developed and maintained model deployment applications with 99.9% uptime
- Optimized feature engineering performance achieving 3x throughput improvement
- Participated in agile ceremonies and sprint planning
- Created technical documentation and API specifications

Junior Machine Learning Engineer at StartUp Hub (2014 - 2015)
- Assisted in building scikit-learn based tools for data processing
- Wrote unit tests achieving 90%+ code coverage
- Fixed bugs and improved application performance

CERTIFICATIONS:
- Certified Google Cloud Practitioner
- Machine Learning Engineer Professional Certification

PROJECTS:
- Built an end-to-end scikit-learn pipeline processing 119K records daily
- Developed a a/b testing based dashboard for real-time monitoring",Machine Learning Engineer
"Alex Miller
Contact: alex.miller@email.com | Phone: +1-831-947-3014

PROFESSIONAL SUMMARY:
Results-driven Backend Developer with 12+ years of experience in developing and implementing node.js solutions.
Proficient in python, rest api, mongodb with a strong track record of delivering high-quality projects on time.
Seeking to leverage expertise in express to drive innovation and business growth.

EDUCATION:
Master of Computer Applications
GPA: 3.45

TECHNICAL SKILLS:
node.js, python, rest api, mongodb, express, postgresql, load balancing, java

WORK EXPERIENCE:

Senior Backend Developer at Tech Solutions Inc. (2022 - Present)
- Led development of scalable node.js solutions serving 1M+ users
- Implemented python architecture reducing processing time by 40%
- Collaborated with cross-functional teams using rest api methodologies
- Mentored junior developers and conducted code reviews

Backend Developer at Digital Innovations Ltd. (2018 - 2018)
- Developed and maintained mongodb applications with 99.9% uptime
- Optimized express performance achieving 3x throughput improvement
- Participated in agile ceremonies and sprint planning
- Created technical documentation and API specifications

Junior Backend Developer at StartUp Hub (2016 - 2017)
- Assisted in building node.js based tools for data processing
- Wrote unit tests achieving 90%+ code coverage
- Fixed bugs and improved application performance

CERTIFICATIONS:
- Certified Azure Practitioner
- Backend Developer Professional Certification

PROJECTS:
- Built an end-to-end node.js pipeline processing 259K records daily
- Developed a python based dashboard for real-time monitoring",Backend Developer
"Amit Sharma
Contact: amit.sharma@email.com | Phone: +1-693-286-5593

PROFESSIONAL SUMMARY:
Results-driven Cybersecurity Analyst with 12+ years of experience in developing and implementing intrusion detection solutions.
Proficient in identity management, malware analysis, soc with a strong track record of delivering high-quality projects on time.
Seeking to leverage expertise in encryption to drive innovation and business growth.

EDUCATION:
Bachelor of Technology in Computer Science
GPA: 3.47

TECHNICAL SKILLS:
intrusion detection, identity management, malware analysis, soc, encryption, forensics, threat analysis, security tools

WORK EXPERIENCE:

Senior Cybersecurity Analyst at Tech Solutions Inc. (2024 - Present)
- Led development of scalable intrusion detection solutions serving 1M+ users
- Implemented identity management architecture reducing processing time by 40%
- Collaborated with cross-functional teams using malware analysis methodologies
- Mentored junior developers and conducted code reviews

Cybersecurity Analyst at Digital Innovations Ltd. (2018 - 2019)
- Developed and maintained soc applications with 99.9% uptime
- Optimized encryption performance achieving 3x throughput improvement
- Participated in kanban ceremonies and sprint planning
- Created technical documentation and API specifications

Junior Cybersecurity Analyst at StartUp Hub (2017 - 2015)
- Assisted in building intrusion detection based tools for data processing
- Wrote unit tests achieving 90%+ code coverage
- Fixed bugs and improved application performance

CERTIFICATIONS:
- Certified Google Cloud Practitioner
- Cybersecurity Analyst Professional Certification

PROJECTS:
- Built an end-to-end intrusion detection pipeline processing 453K records daily
- Developed a identity management based dashboard for real-time monitoring",Cybersecurity Analyst
"Lisa Miller
Contact: lisa.miller@email.com | Phone: +1-283-254-7500

PROFESSIONAL SUMMARY:
Results-driven Full Stack Developer with 3+ years of experience in developing and implementing django solutions.
Proficient in javascript, css, typescript with a strong track record of delivering high-quality projects on time.
Seeking to leverage expertise in aws to drive innovation and business growth.

EDUCATION:
Master of Computer Applications
GPA: 3.78

TECHNICAL SKILLS:
django, javascript, css, typescript, aws, postgresql, rest api, agile

WORK EXPERIENCE:

Senior Full Stack Developer at Tech Solutions Inc. (2020 - Present)
- Led development of scalable django solutions serving 1M+ users
- Implemented javascript architecture reducing processing time by 40%
- Collaborated with cross-functional teams using css methodologies
- Mentored junior developers and conducted code reviews

Full Stack Developer at Digital Innovations Ltd. (2019 - 2020)
- Developed and maintained typescript applications with 99.9% uptime
- Optimized aws performance achieving 3x throughput improvement
- Participated in kanban ceremonies and sprint planning
- Created technical documentation and API specifications

Junior Full Stack Developer at StartUp Hub (2015 - 2016)
- Assisted in building django based tools for data processing
- Wrote unit tests achieving 90%+ code coverage
- Fixed bugs and improved application performance

CERTIFICATIONS:
- Certified AWS Practitioner
- Full Stack Developer Professional Certification

PROJECTS:
- Built an end-to-end django pipeline processing 32K records daily
- Developed a javascript based dashboard for real-time monitoring",Full Stack Developer
"Sneha Patel
Contact: sneha.patel@email.com | Phone: +1-924-827-1587

PROFESSIONAL SUMMARY:
Results-driven Backend Developer with 12+ years of experience in developing and implementing rest api solutions.
Proficient in redis, api gateway, authentication with a strong track record of delivering high-quality projects on time.
Seeking to leverage expertise in mongodb to drive innovation and business growth.

EDUCATION:
Bachelor of Technology in Computer Science
GPA: 3.34

TECHNICAL SKILLS:
rest api, redis, api gateway, authentication, mongodb, graphql, authorization, spring

WORK EXPERIENCE:

Senior Backend Developer at Tech Solutions Inc. (2019 - Present)
- Led development of scalable rest api solutions serving 1M+ users
- Implemented redis architecture reducing processing time by 40%
- Collaborated with cross-functional teams using api gateway methodologies
- Mentored junior developers and conducted code reviews

Backend Developer at Digital Innovations Ltd. (2019 - 2021)
- Developed and maintained authentication applications with 99.9% uptime
- Optimized mongodb performance achieving 3x throughput improvement
- Participated in scrum ceremonies and sprint planning
- Created technical documentation and API specifications

Junior Backend Developer at StartUp Hub (2013 - 2019)
- Assisted in building rest api based tools for data processing
- Wrote unit tests achieving 90%+ code coverage
- Fixed bugs and improved application performance

CERTIFICATIONS:
- Certified Google Cloud Practitioner
- Backend Developer Professional Certification

PROJECTS:
- Built an end-to-end rest api pipeline processing 189K records daily
- Developed a redis based dashboard for real-time monitoring",Backend Developer
"Amit Johnson
Contact: amit.johnson@email.com | Phone: +1-362-819-1956

PROFESSIONAL SUMMARY:
Results-driven Data Scientist with 2+ years of experience in developing and implementing deep learning solutions.
Proficient in computer vision, tensorflow, statistics with a strong track record of delivering high-quality projects on time.
Seeking to leverage expertise in classification to drive innovation and business growth.

EDUCATION:
Master of Computer Applications
GPA: 3.22

TECHNICAL SKILLS:
deep learning, computer vision, tensorflow, statistics, classification, jupyter, pandas, clustering

WORK EXPERIENCE:

Senior Data Scientist at Tech Solutions Inc. (2018 - Present)
- Led development of scalable deep learning solutions serving 1M+ users
- Implemented computer vision architecture reducing processing time by 40%
- Collaborated with cross-functional teams using tensorflow methodologies
- Mentored junior developers and conducted code reviews

Data Scientist at Digital Innovations Ltd. (2018 - 2018)
- Developed and maintained statistics applications with 99.9% uptime
- Optimized classification performance achieving 3x throughput improvement
- Participated in scrum ceremonies and sprint planning
- Created technical documentation and API specifications

Junior Data Scientist at StartUp Hub (2017 - 2018)
- Assisted in building deep learning based tools for data processing
- Wrote unit tests achieving 90%+ code coverage
- Fixed bugs and improved application performance

CERTIFICATIONS:
- Certified Google Cloud Practitioner
- Data Scientist Professional Certification

PROJECTS:
- Built an end-to-end deep learning pipeline processing 204K records daily
- Developed a computer vision based dashboard for real-time monitoring",Data Scientist
"Alex Jones
Contact: alex.jones@email.com | Phone: +1-484-319-6188

PROFESSIONAL SUMMARY:
Results-driven Web Developer with 6+ years of experience in developing and implementing cross browser solutions.
Proficient in sass, react, javascript with a strong track record of delivering high-quality projects on time.
Seeking to leverage expertise in bootstrap to drive innovation and business growth.

EDUCATION:
Bachelor of Technology in Computer Science
GPA: 3.09

TECHNICAL SKILLS:
cross browser, sass, react, javascript, bootstrap, frontend, rest api, git

WORK EXPERIENCE:

Senior Web Developer at Tech Solutions Inc. (2023 - Present)
- Led development of scalable cross browser solutions serving 1M+ users
- Implemented sass architecture reducing processing time by 40%
- Collaborated with cross-functional teams using react methodologies
- Mentored junior developers and conducted code reviews

Web Developer at Digital Innovations Ltd. (2018 - 2022)
- Developed and maintained javascript applications with 99.9% uptime
- Optimized bootstrap performance achieving 3x throughput improvement
- Participated in scrum ceremonies and sprint planning
- Created technical documentation and API specifications

Junior Web Developer at StartUp Hub (2014 - 2019)
- Assisted in building cross browser based tools for data processing
- Wrote unit tests achieving 90%+ code coverage
- Fixed bugs and improved application performance

CERTIFICATIONS:
- Certified Google Cloud Practitioner
- Web Developer Professional Certification

PROJECTS:
- Built an end-to-end cross browser pipeline processing 109K records daily
- Developed a sass based dashboard for real-time monitoring",Web Developer
"Priya Martinez
Contact: priya.martinez@email.com | Phone: +1-441-315-6370

PROFESSIONAL SUMMARY:
Results-driven Database Administrator with 4+ years of experience in developing and implementing ssrs solutions.
Proficient in query optimization, pl/sql, indexes with a strong track record of delivering high-quality projects on time.
Seeking to leverage expertise in triggers to drive innovation and business growth.

EDUCATION:
Bachelor of Science in Data Science
GPA: 3.0

TECHNICAL SKILLS:
ssrs, query optimization, pl/sql, indexes, triggers, replication, recovery, er diagram

WORK EXPERIENCE:

Senior Database Administrator at Tech Solutions Inc. (2019 - Present)
- Led development of scalable ssrs solutions serving 1M+ users
- Implemented query optimization architecture reducing processing time by 40%
- Collaborated with cross-functional teams using pl/sql methodologies
- Mentored junior developers and conducted code reviews

Database Administrator at Digital Innovations Ltd. (2015 - 2019)
- Developed and maintained indexes applications with 99.9% uptime
- Optimized triggers performance achieving 3x throughput improvement
- Participated in agile ceremonies and sprint planning
- Created technical documentation and API specifications

Junior Database Administrator at StartUp Hub (2013 - 2017)
- Assisted in building ssrs based tools for data processing
- Wrote unit tests achieving 90%+ code coverage
- Fixed bugs and improved application performance

CERTIFICATIONS:
- Certified Azure Practitioner
- Database Administrator Professional Certification

PROJECTS:
- Built an end-to-end ssrs pipeline processing 416K records daily
- Developed a query optimization based dashboard for real-time monitoring",Database Administrator
"Michael Kumar
Contact: michael.kumar@email.com | Phone: +1-490-584-8951

PROFESSIONAL SUMMARY:
Results-driven Cybersecurity Analyst with 5+ years of experience in developing and implementing vulnerability assessment solutions.
Proficient in malware analysis, identity management, siem with a strong track record of delivering high-quality projects on time.
Seeking to leverage expertise in risk assessment to drive innovation and business growth.

EDUCATION:
Master of Computer Applications
GPA: 3.85

TECHNICAL SKILLS:
vulnerability assessment, malware analysis, identity management, siem, risk assessment, compliance, firewall, cybersecurity

WORK EXPERIENCE:

Senior Cybersecurity Analyst at Tech Solutions Inc. (2018 - Present)
- Led development of scalable vulnerability assessment solutions serving 1M+ users
- Implemented malware analysis architecture reducing processing time by 40%
- Collaborated with cross-functional teams using identity management methodologies
- Mentored junior developers and conducted code reviews

Cybersecurity Analyst at Digital Innovations Ltd. (2017 - 2018)
- Developed and maintained siem applications with 99.9% uptime
- Optimized risk assessment performance achieving 3x throughput improvement
- Participated in scrum ceremonies and sprint planning
- Created technical documentation and API specifications

Junior Cybersecurity Analyst at StartUp Hub (2014 - 2018)
- Assisted in building vulnerability assessment based tools for data processing
- Wrote unit tests achieving 90%+ code coverage
- Fixed bugs and improved application performance

CERTIFICATIONS:
- Certified AWS Practitioner
- Cybersecurity Analyst Professional Certification

PROJECTS:
- Built an end-to-end vulnerability assessment pipeline processing 432K records daily
- Developed a malware analysis based dashboard for real-time monitoring",Cybersecurity Analyst
"Rahul Jones
Contact: rahul.jones@email.com | Phone: +1-220-341-3668

PROFESSIONAL SUMMARY:
Results-driven Cloud Engineer with 1+ years of experience in developing and implementing cloudformation solutions.
Proficient in lambda, ec2, terraform with a strong track record of delivering high-quality projects on time.
Seeking to leverage expertise in load balancer to drive innovation and business growth.

EDUCATION:
Master of Science in Computer Science
GPA: 3.83

TECHNICAL SKILLS:
cloudformation, lambda, ec2, terraform, load balancer, azure, auto scaling, vpc

WORK EXPERIENCE:

Senior Cloud Engineer at Tech Solutions Inc. (2020 - Present)
- Led development of scalable cloudformation solutions serving 1M+ users
- Implemented lambda architecture reducing processing time by 40%
- Collaborated with cross-functional teams using ec2 methodologies
- Mentored junior developers and conducted code reviews

Cloud Engineer at Digital Innovations Ltd. (2017 - 2021)
- Developed and maintained terraform applications with 99.9% uptime
- Optimized load balancer performance achieving 3x throughput improvement
- Participated in agile ceremonies and sprint planning
- Created technical documentation and API specifications

Junior Cloud Engineer at StartUp Hub (2013 - 2018)
- Assisted in building cloudformation based tools for data processing
- Wrote unit tests achieving 90%+ code coverage
- Fixed bugs and improved application performance

CERTIFICATIONS:
- Certified Google Cloud Practitioner
- Cloud Engineer Professional Certification

PROJECTS:
- Built an end-to-end cloudformation pipeline processing 321K records daily
- Developed a lambda based dashboard for real-time monitoring",Cloud Engineer
"Amit Chen
Contact: amit.chen@email.com | Phone: +1-362-314-9924

PROFESSIONAL SUMMARY:
Results-driven Web Developer with 10+ years of experience in developing and implementing bootstrap solutions.
Proficient in seo, css, node.js with a strong track record of delivering high-quality projects on time.
Seeking to leverage expertise in backend to drive innovation and business growth.

EDUCATION:
Bachelor of Science in Data Science
GPA: 3.35

TECHNICAL SKILLS:
bootstrap, seo, css, node.js, backend, html, frontend, rest api

WORK EXPERIENCE:

Senior Web Developer at Tech Solutions Inc. (2019 - Present)
- Led development of scalable bootstrap solutions serving 1M+ users
- Implemented seo architecture reducing processing time by 40%
- Collaborated with cross-functional teams using css methodologies
- Mentored junior developers and conducted code reviews

Web Developer at Digital Innovations Ltd. (2018 - 2018)
- Developed and maintained node.js applications with 99.9% uptime
- Optimized backend performance achieving 3x throughput improvement
- Participated in scrum ceremonies and sprint planning
- Created technical documentation and API specifications

Junior Web Developer at StartUp Hub (2014 - 2018)
- Assisted in building bootstrap based tools for data processing
- Wrote unit tests achieving 90%+ code coverage
- Fixed bugs and improved application performance

CERTIFICATIONS:
- Certified AWS Practitioner
- Web Developer Professional Certification

PROJECTS:
- Built an end-to-end bootstrap pipeline processing 262K records daily
- Developed a seo based dashboard for real-time monitoring",Web Developer
"Jane Sharma
Contact: jane.sharma@email.com | Phone: +1-394-111-1194

PROFESSIONAL SUMMARY:
Results-driven QA Engineer with 11+ years of experience in developing and implementing api testing solutions.
Proficient in junit, load testing, automation with a strong track record of delivering high-quality projects on time.
Seeking to leverage expertise in jira to drive innovation and business growth.

EDUCATION:
Bachelor of Science in Data Science
GPA: 3.68

TECHNICAL SKILLS:
api testing, junit, load testing, automation, jira, defect management, performance testing, selenium

WORK EXPERIENCE:

Senior QA Engineer at Tech Solutions Inc. (2018 - Present)
- Led development of scalable api testing solutions serving 1M+ users
- Implemented junit architecture reducing processing time by 40%
- Collaborated with cross-functional teams using load testing methodologies
- Mentored junior developers and conducted code reviews

QA Engineer at Digital Innovations Ltd. (2016 - 2018)
- Developed and maintained automation applications with 99.9% uptime
- Optimized jira performance achieving 3x throughput improvement
- Participated in scrum ceremonies and sprint planning
- Created technical documentation and API specifications

Junior QA Engineer at StartUp Hub (2016 - 2018)
- Assisted in building api testing based tools for data processing
- Wrote unit tests achieving 90%+ code coverage
- Fixed bugs and improved application performance

CERTIFICATIONS:
- Certified Azure Practitioner
- QA Engineer Professional Certification

PROJECTS:
- Built an end-to-end api testing pipeline processing 293K records daily
- Developed a junit based dashboard for real-time monitoring",QA Engineer
"Rahul Williams
Contact: rahul.williams@email.com | Phone: +1-291-625-7140

PROFESSIONAL SUMMARY:
Results-driven Frontend Developer with 7+ years of experience in developing and implementing accessibility solutions.
Proficient in less, javascript, cross browser with a strong track record of delivering high-quality projects on time.
Seeking to leverage expertise in tailwind to drive innovation and business growth.

EDUCATION:
Bachelor of Engineering in Information Technology
GPA: 3.77

TECHNICAL SKILLS:
accessibility, less, javascript, cross browser, tailwind, css, angular, redux

WORK EXPERIENCE:

Senior Frontend Developer at Tech Solutions Inc. (2023 - Present)
- Led development of scalable accessibility solutions serving 1M+ users
- Implemented less architecture reducing processing time by 40%
- Collaborated with cross-functional teams using javascript methodologies
- Mentored junior developers and conducted code reviews

Frontend Developer at Digital Innovations Ltd. (2016 - 2023)
- Developed and maintained cross browser applications with 99.9% uptime
- Optimized tailwind performance achieving 3x throughput improvement
- Participated in kanban ceremonies and sprint planning
- Created technical documentation and API specifications

Junior Frontend Developer at StartUp Hub (2017 - 2019)
- Assisted in building accessibility based tools for data processing
- Wrote unit tests achieving 90%+ code coverage
- Fixed bugs and improved application performance

CERTIFICATIONS:
- Certified Azure Practitioner
- Frontend Developer Professional Certification

PROJECTS:
- Built an end-to-end accessibility pipeline processing 480K records daily
- Developed a less based dashboard for real-time monitoring",Frontend Developer
"Priya Johnson
Contact: priya.johnson@email.com | Phone: +1-676-809-7464

PROFESSIONAL SUMMARY:
Results-driven Cybersecurity Analyst with 3+ years of experience in developing and implementing soc solutions.
Proficient in threat analysis, firewall, siem with a strong track record of delivering high-quality projects on time.
Seeking to leverage expertise in network security to drive innovation and business growth.

EDUCATION:
Master of Science in Computer Science
GPA: 3.96

TECHNICAL SKILLS:
soc, threat analysis, firewall, siem, network security, identity management, intrusion detection, owasp

WORK EXPERIENCE:

Senior Cybersecurity Analyst at Tech Solutions Inc. (2020 - Present)
- Led development of scalable soc solutions serving 1M+ users
- Implemented threat analysis architecture reducing processing time by 40%
- Collaborated with cross-functional teams using firewall methodologies
- Mentored junior developers and conducted code reviews

Cybersecurity Analyst at Digital Innovations Ltd. (2019 - 2022)
- Developed and maintained siem applications with 99.9% uptime
- Optimized network security performance achieving 3x throughput improvement
- Participated in kanban ceremonies and sprint planning
- Created technical documentation and API specifications

Junior Cybersecurity Analyst at StartUp Hub (2017 - 2016)
- Assisted in building soc based tools for data processing
- Wrote unit tests achieving 90%+ code coverage
- Fixed bugs and improved application performance

CERTIFICATIONS:
- Certified AWS Practitioner
- Cybersecurity Analyst Professional Certification

PROJECTS:
- Built an end-to-end soc pipeline processing 109K records daily
- Developed a threat analysis based dashboard for real-time monitoring",Cybersecurity Analyst
"Rahul Kumar
Contact: rahul.kumar@email.com | Phone: +1-216-170-6388

PROFESSIONAL SUMMARY:
Results-driven Cloud Engineer with 7+ years of experience in developing and implementing kubernetes solutions.
Proficient in vpc, monitoring, cloud computing with a strong track record of delivering high-quality projects on time.
Seeking to leverage expertise in lambda to drive innovation and business growth.

EDUCATION:
Master of Science in Computer Science
GPA: 3.39

TECHNICAL SKILLS:
kubernetes, vpc, monitoring, cloud computing, lambda, terraform, s3, iam

WORK EXPERIENCE:

Senior Cloud Engineer at Tech Solutions Inc. (2018 - Present)
- Led development of scalable kubernetes solutions serving 1M+ users
- Implemented vpc architecture reducing processing time by 40%
- Collaborated with cross-functional teams using monitoring methodologies
- Mentored junior developers and conducted code reviews

Cloud Engineer at Digital Innovations Ltd. (2017 - 2024)
- Developed and maintained cloud computing applications with 99.9% uptime
- Optimized lambda performance achieving 3x throughput improvement
- Participated in scrum ceremonies and sprint planning
- Created technical documentation and API specifications

Junior Cloud Engineer at StartUp Hub (2013 - 2019)
- Assisted in building kubernetes based tools for data processing
- Wrote unit tests achieving 90%+ code coverage
- Fixed bugs and improved application performance

CERTIFICATIONS:
- Certified AWS Practitioner
- Cloud Engineer Professional Certification

PROJECTS:
- Built an end-to-end kubernetes pipeline processing 250K records daily
- Developed a vpc based dashboard for real-time monitoring",Cloud Engineer
"John Johnson
Contact: john.johnson@email.com | Phone: +1-745-444-9236

PROFESSIONAL SUMMARY:
Results-driven Network Engineer with 12+ years of experience in developing and implementing firewall solutions.
Proficient in load balancer, subnetting, wireless with a strong track record of delivering high-quality projects on time.
Seeking to leverage expertise in dns to drive innovation and business growth.

EDUCATION:
Master of Science in Computer Science
GPA: 3.59

TECHNICAL SKILLS:
firewall, load balancer, subnetting, wireless, dns, vpn, infrastructure, vlan

WORK EXPERIENCE:

Senior Network Engineer at Tech Solutions Inc. (2019 - Present)
- Led development of scalable firewall solutions serving 1M+ users
- Implemented load balancer architecture reducing processing time by 40%
- Collaborated with cross-functional teams using subnetting methodologies
- Mentored junior developers and conducted code reviews

Network Engineer at Digital Innovations Ltd. (2015 - 2020)
- Developed and maintained wireless applications with 99.9% uptime
- Optimized dns performance achieving 3x throughput improvement
- Participated in kanban ceremonies and sprint planning
- Created technical documentation and API specifications

Junior Network Engineer at StartUp Hub (2014 - 2016)
- Assisted in building firewall based tools for data processing
- Wrote unit tests achieving 90%+ code coverage
- Fixed bugs and improved application performance

CERTIFICATIONS:
- Certified Azure Practitioner
- Network Engineer Professional Certification

PROJECTS:
- Built an end-to-end firewall pipeline processing 253K records daily
- Developed a load balancer based dashboard for real-time monitoring",Network Engineer
"Rahul Williams
Contact: rahul.williams@email.com | Phone: +1-851-940-3567

PROFESSIONAL SUMMARY:
Results-driven Full Stack Developer with 11+ years of experience in developing and implementing docker solutions.
Proficient in html, redux, ci/cd with a strong track record of delivering high-quality projects on time.
Seeking to leverage expertise in javascript to drive innovation and business growth.

EDUCATION:
Bachelor of Technology in Computer Science
GPA: 3.28

TECHNICAL SKILLS:
docker, html, redux, ci/cd, javascript, git, backend, node.js

WORK EXPERIENCE:

Senior Full Stack Developer at Tech Solutions Inc. (2021 - Present)
- Led development of scalable docker solutions serving 1M+ users
- Implemented html architecture reducing processing time by 40%
- Collaborated with cross-functional teams using redux methodologies
- Mentored junior developers and conducted code reviews

Full Stack Developer at Digital Innovations Ltd. (2019 - 2021)
- Developed and maintained ci/cd applications with 99.9% uptime
- Optimized javascript performance achieving 3x throughput improvement
- Participated in scrum ceremonies and sprint planning
- Created technical documentation and API specifications

Junior Full Stack Developer at StartUp Hub (2017 - 2018)
- Assisted in building docker based tools for data processing
- Wrote unit tests achieving 90%+ code coverage
- Fixed bugs and improved application performance

CERTIFICATIONS:
- Certified AWS Practitioner
- Full Stack Developer Professional Certification

PROJECTS:
- Built an end-to-end docker pipeline processing 371K records daily
- Developed a html based dashboard for real-time monitoring",Full Stack Developer
"Alex Chen
Contact: alex.chen@email.com | Phone: +1-340-569-5882

PROFESSIONAL SUMMARY:
Results-driven Database Administrator with 4+ years of experience in developing and implementing query optimization solutions.
Proficient in high availability, sql, recovery with a strong track record of delivering high-quality projects on time.
Seeking to leverage expertise in ssrs to drive innovation and business growth.

EDUCATION:
Bachelor of Science in Data Science
GPA: 3.1

TECHNICAL SKILLS:
query optimization, high availability, sql, recovery, ssrs, stored procedures, performance tuning, mysql

WORK EXPERIENCE:

Senior Database Administrator at Tech Solutions Inc. (2022 - Present)
- Led development of scalable query optimization solutions serving 1M+ users
- Implemented high availability architecture reducing processing time by 40%
- Collaborated with cross-functional teams using sql methodologies
- Mentored junior developers and conducted code reviews

Database Administrator at Digital Innovations Ltd. (2018 - 2022)
- Developed and maintained recovery applications with 99.9% uptime
- Optimized ssrs performance achieving 3x throughput improvement
- Participated in scrum ceremonies and sprint planning
- Created technical documentation and API specifications

Junior Database Administrator at StartUp Hub (2015 - 2019)
- Assisted in building query optimization based tools for data processing
- Wrote unit tests achieving 90%+ code coverage
- Fixed bugs and improved application performance

CERTIFICATIONS:
- Certified Google Cloud Practitioner
- Database Administrator Professional Certification

PROJECTS:
- Built an end-to-end query optimization pipeline processing 165K records daily
- Developed a high availability based dashboard for real-time monitoring",Database Administrator
"Jane Patel
Contact: jane.patel@email.com | Phone: +1-517-183-9442

PROFESSIONAL SUMMARY:
Results-driven Database Administrator with 8+ years of experience in developing and implementing mongodb solutions.
Proficient in query optimization, postgresql, replication with a strong track record of delivering high-quality projects on time.
Seeking to leverage expertise in indexes to drive innovation and business growth.

EDUCATION:
Master of Science in Computer Science
GPA: 3.48

TECHNICAL SKILLS:
mongodb, query optimization, postgresql, replication, indexes, triggers, pl/sql, performance tuning

WORK EXPERIENCE:

Senior Database Administrator at Tech Solutions Inc. (2020 - Present)
- Led development of scalable mongodb solutions serving 1M+ users
- Implemented query optimization architecture reducing processing time by 40%
- Collaborated with cross-functional teams using postgresql methodologies
- Mentored junior developers and conducted code reviews

Database Administrator at Digital Innovations Ltd. (2018 - 2021)
- Developed and maintained replication applications with 99.9% uptime
- Optimized indexes performance achieving 3x throughput improvement
- Participated in scrum ceremonies and sprint planning
- Created technical documentation and API specifications

Junior Database Administrator at StartUp Hub (2014 - 2016)
- Assisted in building mongodb based tools for data processing
- Wrote unit tests achieving 90%+ code coverage
- Fixed bugs and improved application performance

CERTIFICATIONS:
- Certified Google Cloud Practitioner
- Database Administrator Professional Certification

PROJECTS:
- Built an end-to-end mongodb pipeline processing 12K records daily
- Developed a query optimization based dashboard for real-time monitoring",Database Administrator
"Sneha Brown
Contact: sneha.brown@email.com | Phone: +1-670-875-6585

PROFESSIONAL SUMMARY:
Results-driven Data Analyst with 13+ years of experience in developing and implementing sql solutions.
Proficient in business intelligence, tableau, data visualization with a strong track record of delivering high-quality projects on time.
Seeking to leverage expertise in python to drive innovation and business growth.

EDUCATION:
Bachelor of Engineering in Information Technology
GPA: 3.4

TECHNICAL SKILLS:
sql, business intelligence, tableau, data visualization, python, vlookup, requirements gathering, dashboard

WORK EXPERIENCE:

Senior Data Analyst at Tech Solutions Inc. (2024 - Present)
- Led development of scalable sql solutions serving 1M+ users
- Implemented business intelligence architecture reducing processing time by 40%
- Collaborated with cross-functional teams using tableau methodologies
- Mentored junior developers and conducted code reviews

Data Analyst at Digital Innovations Ltd. (2016 - 2019)
- Developed and maintained data visualization applications with 99.9% uptime
- Optimized python performance achieving 3x throughput improvement
- Participated in scrum ceremonies and sprint planning
- Created technical documentation and API specifications

Junior Data Analyst at StartUp Hub (2015 - 2015)
- Assisted in building sql based tools for data processing
- Wrote unit tests achieving 90%+ code coverage
- Fixed bugs and improved application performance

CERTIFICATIONS:
- Certified AWS Practitioner
- Data Analyst Professional Certification

PROJECTS:
- Built an end-to-end sql pipeline processing 88K records daily
- Developed a business intelligence based dashboard for real-time monitoring",Data Analyst
"Alex Sharma
Contact: alex.sharma@email.com | Phone: +1-681-529-4356

PROFESSIONAL SUMMARY:
Results-driven Python Developer with 10+ years of experience in developing and implementing numpy solutions.
Proficient in api development, django, automation with a strong track record of delivering high-quality projects on time.
Seeking to leverage expertise in unit testing to drive innovation and business growth.

EDUCATION:
Master of Science in Computer Science
GPA: 3.94

TECHNICAL SKILLS:
numpy, api development, django, automation, unit testing, web framework, object oriented, pandas

WORK EXPERIENCE:

Senior Python Developer at Tech Solutions Inc. (2020 - Present)
- Led development of scalable numpy solutions serving 1M+ users
- Implemented api development architecture reducing processing time by 40%
- Collaborated with cross-functional teams using django methodologies
- Mentored junior developers and conducted code reviews

Python Developer at Digital Innovations Ltd. (2019 - 2018)
- Developed and maintained automation applications with 99.9% uptime
- Optimized unit testing performance achieving 3x throughput improvement
- Participated in kanban ceremonies and sprint planning
- Created technical documentation and API specifications

Junior Python Developer at StartUp Hub (2017 - 2019)
- Assisted in building numpy based tools for data processing
- Wrote unit tests achieving 90%+ code coverage
- Fixed bugs and improved application performance

CERTIFICATIONS:
- Certified Google Cloud Practitioner
- Python Developer Professional Certification

PROJECTS:
- Built an end-to-end numpy pipeline processing 381K records daily
- Developed a api development based dashboard for real-time monitoring",Python Developer
"Robert Martinez
Contact: robert.martinez@email.com | Phone: +1-921-268-2464

PROFESSIONAL SUMMARY:
Results-driven Systems Engineer with 7+ years of experience in developing and implementing linux solutions.
Proficient in troubleshooting, scripting, virtualization with a strong track record of delivering high-quality projects on time.
Seeking to leverage expertise in backup to drive innovation and business growth.

EDUCATION:
Master of Computer Applications
GPA: 3.6

TECHNICAL SKILLS:
linux, troubleshooting, scripting, virtualization, backup, active directory, bash, windows server

WORK EXPERIENCE:

Senior Systems Engineer at Tech Solutions Inc. (2022 - Present)
- Led development of scalable linux solutions serving 1M+ users
- Implemented troubleshooting architecture reducing processing time by 40%
- Collaborated with cross-functional teams using scripting methodologies
- Mentored junior developers and conducted code reviews

Systems Engineer at Digital Innovations Ltd. (2016 - 2023)
- Developed and maintained virtualization applications with 99.9% uptime
- Optimized backup performance achieving 3x throughput improvement
- Participated in kanban ceremonies and sprint planning
- Created technical documentation and API specifications

Junior Systems Engineer at StartUp Hub (2016 - 2015)
- Assisted in building linux based tools for data processing
- Wrote unit tests achieving 90%+ code coverage
- Fixed bugs and improved application performance

CERTIFICATIONS:
- Certified AWS Practitioner
- Systems Engineer Professional Certification

PROJECTS:
- Built an end-to-end linux pipeline processing 245K records daily
- Developed a troubleshooting based dashboard for real-time monitoring",Systems Engineer
"Maria Smith
Contact: maria.smith@email.com | Phone: +1-678-351-3042

PROFESSIONAL SUMMARY:
Results-driven Data Engineer with 4+ years of experience in developing and implementing dbt solutions.
Proficient in snowflake, apache spark, postgresql with a strong track record of delivering high-quality projects on time.
Seeking to leverage expertise in redis to drive innovation and business growth.

EDUCATION:
Master of Computer Applications
GPA: 3.09

TECHNICAL SKILLS:
dbt, snowflake, apache spark, postgresql, redis, big data, aws, cloud infrastructure

WORK EXPERIENCE:

Senior Data Engineer at Tech Solutions Inc. (2024 - Present)
- Led development of scalable dbt solutions serving 1M+ users
- Implemented snowflake architecture reducing processing time by 40%
- Collaborated with cross-functional teams using apache spark methodologies
- Mentored junior developers and conducted code reviews

Data Engineer at Digital Innovations Ltd. (2016 - 2023)
- Developed and maintained postgresql applications with 99.9% uptime
- Optimized redis performance achieving 3x throughput improvement
- Participated in scrum ceremonies and sprint planning
- Created technical documentation and API specifications

Junior Data Engineer at StartUp Hub (2017 - 2016)
- Assisted in building dbt based tools for data processing
- Wrote unit tests achieving 90%+ code coverage
- Fixed bugs and improved application performance

CERTIFICATIONS:
- Certified Google Cloud Practitioner
- Data Engineer Professional Certification

PROJECTS:
- Built an end-to-end dbt pipeline processing 391K records daily
- Developed a snowflake based dashboard for real-time monitoring",Data Engineer
"Emily Rodriguez
Contact: emily.rodriguez@email.com | Phone: +1-637-850-4129

PROFESSIONAL SUMMARY:
Results-driven Cybersecurity Analyst with 4+ years of experience in developing and implementing encryption solutions.
Proficient in incident response, identity management, cybersecurity with a strong track record of delivering high-quality projects on time.
Seeking to leverage expertise in malware analysis to drive innovation and business growth.

EDUCATION:
Bachelor of Technology in Computer Science
GPA: 3.09

TECHNICAL SKILLS:
encryption, incident response, identity management, cybersecurity, malware analysis, network security, threat analysis, soc

WORK EXPERIENCE:

Senior Cybersecurity Analyst at Tech Solutions Inc. (2019 - Present)
- Led development of scalable encryption solutions serving 1M+ users
- Implemented incident response architecture reducing processing time by 40%
- Collaborated with cross-functional teams using identity management methodologies
- Mentored junior developers and conducted code reviews

Cybersecurity Analyst at Digital Innovations Ltd. (2019 - 2018)
- Developed and maintained cybersecurity applications with 99.9% uptime
- Optimized malware analysis performance achieving 3x throughput improvement
- Participated in kanban ceremonies and sprint planning
- Created technical documentation and API specifications

Junior Cybersecurity Analyst at StartUp Hub (2014 - 2019)
- Assisted in building encryption based tools for data processing
- Wrote unit tests achieving 90%+ code coverage
- Fixed bugs and improved application performance

CERTIFICATIONS:
- Certified Google Cloud Practitioner
- Cybersecurity Analyst Professional Certification

PROJECTS:
- Built an end-to-end encryption pipeline processing 344K records daily
- Developed a incident response based dashboard for real-time monitoring",Cybersecurity Analyst
"Jane Jones
Contact: jane.jones@email.com | Phone: +1-571-954-1615

PROFESSIONAL SUMMARY:
Results-driven Systems Engineer with 13+ years of experience in developing and implementing networking solutions.
Proficient in dhcp, windows server, hardware with a strong track record of delivering high-quality projects on time.
Seeking to leverage expertise in scripting to drive innovation and business growth.

EDUCATION:
Bachelor of Engineering in Information Technology
GPA: 3.29

TECHNICAL SKILLS:
networking, dhcp, windows server, hardware, scripting, tcp/ip, powershell, backup

WORK EXPERIENCE:

Senior Systems Engineer at Tech Solutions Inc. (2023 - Present)
- Led development of scalable networking solutions serving 1M+ users
- Implemented dhcp architecture reducing processing time by 40%
- Collaborated with cross-functional teams using windows server methodologies
- Mentored junior developers and conducted code reviews

Systems Engineer at Digital Innovations Ltd. (2017 - 2018)
- Developed and maintained hardware applications with 99.9% uptime
- Optimized scripting performance achieving 3x throughput improvement
- Participated in agile ceremonies and sprint planning
- Created technical documentation and API specifications

Junior Systems Engineer at StartUp Hub (2015 - 2015)
- Assisted in building networking based tools for data processing
- Wrote unit tests achieving 90%+ code coverage
- Fixed bugs and improved application performance

CERTIFICATIONS:
- Certified Google Cloud Practitioner
- Systems Engineer Professional Certification

PROJECTS:
- Built an end-to-end networking pipeline processing 119K records daily
- Developed a dhcp based dashboard for real-time monitoring",Systems Engineer
"Emily Brown
Contact: emily.brown@email.com | Phone: +1-306-786-7116

PROFESSIONAL SUMMARY:
Results-driven Database Administrator with 12+ years of experience in developing and implementing oracle solutions.
Proficient in er diagram, ssrs, high availability with a strong track record of delivering high-quality projects on time.
Seeking to leverage expertise in pl/sql to drive innovation and business growth.

EDUCATION:
Bachelor of Technology in Computer Science
GPA: 3.53

TECHNICAL SKILLS:
oracle, er diagram, ssrs, high availability, pl/sql, database design, mongodb, sql

WORK EXPERIENCE:

Senior Database Administrator at Tech Solutions Inc. (2018 - Present)
- Led development of scalable oracle solutions serving 1M+ users
- Implemented er diagram architecture reducing processing time by 40%
- Collaborated with cross-functional teams using ssrs methodologies
- Mentored junior developers and conducted code reviews

Database Administrator at Digital Innovations Ltd. (2015 - 2021)
- Developed and maintained high availability applications with 99.9% uptime
- Optimized pl/sql performance achieving 3x throughput improvement
- Participated in kanban ceremonies and sprint planning
- Created technical documentation and API specifications

Junior Database Administrator at StartUp Hub (2016 - 2017)
- Assisted in building oracle based tools for data processing
- Wrote unit tests achieving 90%+ code coverage
- Fixed bugs and improved application performance

CERTIFICATIONS:
- Certified AWS Practitioner
- Database Administrator Professional Certification

PROJECTS:
- Built an end-to-end oracle pipeline processing 413K records daily
- Developed a er diagram based dashboard for real-time monitoring",Database Administrator
"Maria Rodriguez
Contact: maria.rodriguez@email.com | Phone: +1-593-771-7506

PROFESSIONAL SUMMARY:
Results-driven Python Developer with 3+ years of experience in developing and implementing django solutions.
Proficient in unit testing, celery, redis with a strong track record of delivering high-quality projects on time.
Seeking to leverage expertise in rest api to drive innovation and business growth.

EDUCATION:
Master of Science in Computer Science
GPA: 3.23

TECHNICAL SKILLS:
django, unit testing, celery, redis, rest api, numpy, flask, api development

WORK EXPERIENCE:

Senior Python Developer at Tech Solutions Inc. (2024 - Present)
- Led development of scalable django solutions serving 1M+ users
- Implemented unit testing architecture reducing processing time by 40%
- Collaborated with cross-functional teams using celery methodologies
- Mentored junior developers and conducted code reviews

Python Developer at Digital Innovations Ltd. (2016 - 2021)
- Developed and maintained redis applications with 99.9% uptime
- Optimized rest api performance achieving 3x throughput improvement
- Participated in scrum ceremonies and sprint planning
- Created technical documentation and API specifications

Junior Python Developer at StartUp Hub (2017 - 2019)
- Assisted in building django based tools for data processing
- Wrote unit tests achieving 90%+ code coverage
- Fixed bugs and improved application performance

CERTIFICATIONS:
- Certified Google Cloud Practitioner
- Python Developer Professional Certification

PROJECTS:
- Built an end-to-end django pipeline processing 459K records daily
- Developed a unit testing based dashboard for real-time monitoring",Python Developer
"Amit Garcia
Contact: amit.garcia@email.com | Phone: +1-986-643-8183

PROFESSIONAL SUMMARY:
Results-driven Backend Developer with 14+ years of experience in developing and implementing api gateway solutions.
Proficient in load balancing, middleware, postgresql with a strong track record of delivering high-quality projects on time.
Seeking to leverage expertise in redis to drive innovation and business growth.

EDUCATION:
Master of Computer Applications
GPA: 3.99

TECHNICAL SKILLS:
api gateway, load balancing, middleware, postgresql, redis, java, microservices, django

WORK EXPERIENCE:

Senior Backend Developer at Tech Solutions Inc. (2022 - Present)
- Led development of scalable api gateway solutions serving 1M+ users
- Implemented load balancing architecture reducing processing time by 40%
- Collaborated with cross-functional teams using middleware methodologies
- Mentored junior developers and conducted code reviews

Backend Developer at Digital Innovations Ltd. (2019 - 2022)
- Developed and maintained postgresql applications with 99.9% uptime
- Optimized redis performance achieving 3x throughput improvement
- Participated in scrum ceremonies and sprint planning
- Created technical documentation and API specifications

Junior Backend Developer at StartUp Hub (2017 - 2016)
- Assisted in building api gateway based tools for data processing
- Wrote unit tests achieving 90%+ code coverage
- Fixed bugs and improved application performance

CERTIFICATIONS:
- Certified Azure Practitioner
- Backend Developer Professional Certification

PROJECTS:
- Built an end-to-end api gateway pipeline processing 232K records daily
- Developed a load balancing based dashboard for real-time monitoring",Backend Developer
"Rahul Jones
Contact: rahul.jones@email.com | Phone: +1-573-164-3193

PROFESSIONAL SUMMARY:
Results-driven Web Developer with 7+ years of experience in developing and implementing backend solutions.
Proficient in rest api, cross browser, react with a strong track record of delivering high-quality projects on time.
Seeking to leverage expertise in sass to drive innovation and business growth.

EDUCATION:
Bachelor of Technology in Computer Science
GPA: 3.99

TECHNICAL SKILLS:
backend, rest api, cross browser, react, sass, git, user interface, frontend

WORK EXPERIENCE:

Senior Web Developer at Tech Solutions Inc. (2018 - Present)
- Led development of scalable backend solutions serving 1M+ users
- Implemented rest api architecture reducing processing time by 40%
- Collaborated with cross-functional teams using cross browser methodologies
- Mentored junior developers and conducted code reviews

Web Developer at Digital Innovations Ltd. (2017 - 2022)
- Developed and maintained react applications with 99.9% uptime
- Optimized sass performance achieving 3x throughput improvement
- Participated in scrum ceremonies and sprint planning
- Created technical documentation and API specifications

Junior Web Developer at StartUp Hub (2013 - 2017)
- Assisted in building backend based tools for data processing
- Wrote unit tests achieving 90%+ code coverage
- Fixed bugs and improved application performance

CERTIFICATIONS:
- Certified Google Cloud Practitioner
- Web Developer Professional Certification

PROJECTS:
- Built an end-to-end backend pipeline processing 186K records daily
- Developed a rest api based dashboard for real-time monitoring",Web Developer
"David Rodriguez
Contact: david.rodriguez@email.com | Phone: +1-942-937-4216

PROFESSIONAL SUMMARY:
Results-driven Database Administrator with 4+ years of experience in developing and implementing triggers solutions.
Proficient in replication, ssrs, pl/sql with a strong track record of delivering high-quality projects on time.
Seeking to leverage expertise in database design to drive innovation and business growth.

EDUCATION:
Master of Science in Computer Science
GPA: 3.39

TECHNICAL SKILLS:
triggers, replication, ssrs, pl/sql, database design, sql, performance tuning, database management

WORK EXPERIENCE:

Senior Database Administrator at Tech Solutions Inc. (2018 - Present)
- Led development of scalable triggers solutions serving 1M+ users
- Implemented replication architecture reducing processing time by 40%
- Collaborated with cross-functional teams using ssrs methodologies
- Mentored junior developers and conducted code reviews

Database Administrator at Digital Innovations Ltd. (2018 - 2019)
- Developed and maintained pl/sql applications with 99.9% uptime
- Optimized database design performance achieving 3x throughput improvement
- Participated in kanban ceremonies and sprint planning
- Created technical documentation and API specifications

Junior Database Administrator at StartUp Hub (2017 - 2019)
- Assisted in building triggers based tools for data processing
- Wrote unit tests achieving 90%+ code coverage
- Fixed bugs and improved application performance

CERTIFICATIONS:
- Certified Google Cloud Practitioner
- Database Administrator Professional Certification

PROJECTS:
- Built an end-to-end triggers pipeline processing 458K records daily
- Developed a replication based dashboard for real-time monitoring",Database Administrator
"Sarah Garcia
Contact: sarah.garcia@email.com | Phone: +1-646-934-4177

PROFESSIONAL SUMMARY:
Results-driven QA Engineer with 8+ years of experience in developing and implementing cucumber solutions.
Proficient in automation, testing, quality assurance with a strong track record of delivering high-quality projects on time.
Seeking to leverage expertise in continuous integration to drive innovation and business growth.

EDUCATION:
Bachelor of Engineering in Information Technology
GPA: 3.01

TECHNICAL SKILLS:
cucumber, automation, testing, quality assurance, continuous integration, load testing, stlc, tdd

WORK EXPERIENCE:

Senior QA Engineer at Tech Solutions Inc. (2018 - Present)
- Led development of scalable cucumber solutions serving 1M+ users
- Implemented automation architecture reducing processing time by 40%
- Collaborated with cross-functional teams using testing methodologies
- Mentored junior developers and conducted code reviews

QA Engineer at Digital Innovations Ltd. (2018 - 2024)
- Developed and maintained quality assurance applications with 99.9% uptime
- Optimized continuous integration performance achieving 3x throughput improvement
- Participated in agile ceremonies and sprint planning
- Created technical documentation and API specifications

Junior QA Engineer at StartUp Hub (2013 - 2017)
- Assisted in building cucumber based tools for data processing
- Wrote unit tests achieving 90%+ code coverage
- Fixed bugs and improved application performance

CERTIFICATIONS:
- Certified AWS Practitioner
- QA Engineer Professional Certification

PROJECTS:
- Built an end-to-end cucumber pipeline processing 425K records daily
- Developed a automation based dashboard for real-time monitoring",QA Engineer
"Lisa Miller
Contact: lisa.miller@email.com | Phone: +1-570-472-6616

PROFESSIONAL SUMMARY:
Results-driven Data Engineer with 7+ years of experience in developing and implementing big data solutions.
Proficient in data pipeline, orchestration, kafka with a strong track record of delivering high-quality projects on time.
Seeking to leverage expertise in redis to drive innovation and business growth.

EDUCATION:
Master of Computer Applications
GPA: 3.91

TECHNICAL SKILLS:
big data, data pipeline, orchestration, kafka, redis, hadoop, python, mongodb

WORK EXPERIENCE:

Senior Data Engineer at Tech Solutions Inc. (2018 - Present)
- Led development of scalable big data solutions serving 1M+ users
- Implemented data pipeline architecture reducing processing time by 40%
- Collaborated with cross-functional teams using orchestration methodologies
- Mentored junior developers and conducted code reviews

Data Engineer at Digital Innovations Ltd. (2019 - 2019)
- Developed and maintained kafka applications with 99.9% uptime
- Optimized redis performance achieving 3x throughput improvement
- Participated in kanban ceremonies and sprint planning
- Created technical documentation and API specifications

Junior Data Engineer at StartUp Hub (2015 - 2016)
- Assisted in building big data based tools for data processing
- Wrote unit tests achieving 90%+ code coverage
- Fixed bugs and improved application performance

CERTIFICATIONS:
- Certified Azure Practitioner
- Data Engineer Professional Certification

PROJECTS:
- Built an end-to-end big data pipeline processing 324K records daily
- Developed a data pipeline based dashboard for real-time monitoring",Data Engineer
"David Jones
Contact: david.jones@email.com | Phone: +1-405-278-3244

PROFESSIONAL SUMMARY:
Results-driven Network Engineer with 7+ years of experience in developing and implementing dhcp solutions.
Proficient in vpn, infrastructure, subnetting with a strong track record of delivering high-quality projects on time.
Seeking to leverage expertise in tcp/ip to drive innovation and business growth.

EDUCATION:
Bachelor of Science in Data Science
GPA: 3.77

TECHNICAL SKILLS:
dhcp, vpn, infrastructure, subnetting, tcp/ip, cisco, load balancer, networking

WORK EXPERIENCE:

Senior Network Engineer at Tech Solutions Inc. (2018 - Present)
- Led development of scalable dhcp solutions serving 1M+ users
- Implemented vpn architecture reducing processing time by 40%
- Collaborated with cross-functional teams using infrastructure methodologies
- Mentored junior developers and conducted code reviews

Network Engineer at Digital Innovations Ltd. (2016 - 2021)
- Developed and maintained subnetting applications with 99.9% uptime
- Optimized tcp/ip performance achieving 3x throughput improvement
- Participated in kanban ceremonies and sprint planning
- Created technical documentation and API specifications

Junior Network Engineer at StartUp Hub (2013 - 2019)
- Assisted in building dhcp based tools for data processing
- Wrote unit tests achieving 90%+ code coverage
- Fixed bugs and improved application performance

CERTIFICATIONS:
- Certified Azure Practitioner
- Network Engineer Professional Certification

PROJECTS:
- Built an end-to-end dhcp pipeline processing 162K records daily
- Developed a vpn based dashboard for real-time monitoring",Network Engineer
"Sneha Johnson
Contact: sneha.johnson@email.com | Phone: +1-901-658-6068

PROFESSIONAL SUMMARY:
Results-driven Cybersecurity Analyst with 4+ years of experience in developing and implementing risk assessment solutions.
Proficient in identity management, encryption, soc with a strong track record of delivering high-quality projects on time.
Seeking to leverage expertise in incident response to drive innovation and business growth.

EDUCATION:
Bachelor of Engineering in Information Technology
GPA: 3.3

TECHNICAL SKILLS:
risk assessment, identity management, encryption, soc, incident response, compliance, penetration testing, security monitoring

WORK EXPERIENCE:

Senior Cybersecurity Analyst at Tech Solutions Inc. (2022 - Present)
- Led development of scalable risk assessment solutions serving 1M+ users
- Implemented identity management architecture reducing processing time by 40%
- Collaborated with cross-functional teams using encryption methodologies
- Mentored junior developers and conducted code reviews

Cybersecurity Analyst at Digital Innovations Ltd. (2018 - 2018)
- Developed and maintained soc applications with 99.9% uptime
- Optimized incident response performance achieving 3x throughput improvement
- Participated in agile ceremonies and sprint planning
- Created technical documentation and API specifications

Junior Cybersecurity Analyst at StartUp Hub (2013 - 2016)
- Assisted in building risk assessment based tools for data processing
- Wrote unit tests achieving 90%+ code coverage
- Fixed bugs and improved application performance

CERTIFICATIONS:
- Certified Azure Practitioner
- Cybersecurity Analyst Professional Certification

PROJECTS:
- Built an end-to-end risk assessment pipeline processing 88K records daily
- Developed a identity management based dashboard for real-time monitoring",Cybersecurity Analyst
"Jane Singh
Contact: jane.singh@email.com | Phone: +1-537-649-5370

PROFESSIONAL SUMMARY:
Results-driven Cloud Engineer with 7+ years of experience in developing and implementing load balancer solutions.
Proficient in monitoring, vpc, docker with a strong track record of delivering high-quality projects on time.
Seeking to leverage expertise in cloudformation to drive innovation and business growth.

EDUCATION:
Master of Science in Computer Science
GPA: 3.49

TECHNICAL SKILLS:
load balancer, monitoring, vpc, docker, cloudformation, ec2, s3, google cloud

WORK EXPERIENCE:

Senior Cloud Engineer at Tech Solutions Inc. (2024 - Present)
- Led development of scalable load balancer solutions serving 1M+ users
- Implemented monitoring architecture reducing processing time by 40%
- Collaborated with cross-functional teams using vpc methodologies
- Mentored junior developers and conducted code reviews

Cloud Engineer at Digital Innovations Ltd. (2019 - 2023)
- Developed and maintained docker applications with 99.9% uptime
- Optimized cloudformation performance achieving 3x throughput improvement
- Participated in kanban ceremonies and sprint planning
- Created technical documentation and API specifications

Junior Cloud Engineer at StartUp Hub (2014 - 2015)
- Assisted in building load balancer based tools for data processing
- Wrote unit tests achieving 90%+ code coverage
- Fixed bugs and improved application performance

CERTIFICATIONS:
- Certified Google Cloud Practitioner
- Cloud Engineer Professional Certification

PROJECTS:
- Built an end-to-end load balancer pipeline processing 385K records daily
- Developed a monitoring based dashboard for real-time monitoring",Cloud Engineer
"David Jones
Contact: david.jones@email.com | Phone: +1-747-384-5177

PROFESSIONAL SUMMARY:
Results-driven DevOps Engineer with 3+ years of experience in developing and implementing automation solutions.
Proficient in microservices, ansible, continuous integration with a strong track record of delivering high-quality projects on time.
Seeking to leverage expertise in deployment to drive innovation and business growth.

EDUCATION:
Bachelor of Science in Data Science
GPA: 3.89

TECHNICAL SKILLS:
automation, microservices, ansible, continuous integration, deployment, bash scripting, cloud, terraform

WORK EXPERIENCE:

Senior DevOps Engineer at Tech Solutions Inc. (2024 - Present)
- Led development of scalable automation solutions serving 1M+ users
- Implemented microservices architecture reducing processing time by 40%
- Collaborated with cross-functional teams using ansible methodologies
- Mentored junior developers and conducted code reviews

DevOps Engineer at Digital Innovations Ltd. (2019 - 2021)
- Developed and maintained continuous integration applications with 99.9% uptime
- Optimized deployment performance achieving 3x throughput improvement
- Participated in kanban ceremonies and sprint planning
- Created technical documentation and API specifications

Junior DevOps Engineer at StartUp Hub (2014 - 2016)
- Assisted in building automation based tools for data processing
- Wrote unit tests achieving 90%+ code coverage
- Fixed bugs and improved application performance

CERTIFICATIONS:
- Certified Google Cloud Practitioner
- DevOps Engineer Professional Certification

PROJECTS:
- Built an end-to-end automation pipeline processing 480K records daily
- Developed a microservices based dashboard for real-time monitoring",DevOps Engineer
"Sneha Davis
Contact: sneha.davis@email.com | Phone: +1-708-894-1268

PROFESSIONAL SUMMARY:
Results-driven QA Engineer with 13+ years of experience in developing and implementing regression testing solutions.
Proficient in test cases, bdd, selenium with a strong track record of delivering high-quality projects on time.
Seeking to leverage expertise in bug tracking to drive innovation and business growth.

EDUCATION:
Master of Computer Applications
GPA: 3.46

TECHNICAL SKILLS:
regression testing, test cases, bdd, selenium, bug tracking, pytest, load testing, manual testing

WORK EXPERIENCE:

Senior QA Engineer at Tech Solutions Inc. (2022 - Present)
- Led development of scalable regression testing solutions serving 1M+ users
- Implemented test cases architecture reducing processing time by 40%
- Collaborated with cross-functional teams using bdd methodologies
- Mentored junior developers and conducted code reviews

QA Engineer at Digital Innovations Ltd. (2017 - 2021)
- Developed and maintained selenium applications with 99.9% uptime
- Optimized bug tracking performance achieving 3x throughput improvement
- Participated in scrum ceremonies and sprint planning
- Created technical documentation and API specifications

Junior QA Engineer at StartUp Hub (2017 - 2016)
- Assisted in building regression testing based tools for data processing
- Wrote unit tests achieving 90%+ code coverage
- Fixed bugs and improved application performance

CERTIFICATIONS:
- Certified AWS Practitioner
- QA Engineer Professional Certification

PROJECTS:
- Built an end-to-end regression testing pipeline processing 416K records daily
- Developed a test cases based dashboard for real-time monitoring",QA Engineer
"Sarah Davis
Contact: sarah.davis@email.com | Phone: +1-608-399-9075

PROFESSIONAL SUMMARY:
Results-driven Full Stack Developer with 5+ years of experience in developing and implementing typescript solutions.
Proficient in css, react, ci/cd with a strong track record of delivering high-quality projects on time.
Seeking to leverage expertise in html to drive innovation and business growth.

EDUCATION:
Master of Science in Computer Science
GPA: 3.38

TECHNICAL SKILLS:
typescript, css, react, ci/cd, html, aws, backend, node.js

WORK EXPERIENCE:

Senior Full Stack Developer at Tech Solutions Inc. (2018 - Present)
- Led development of scalable typescript solutions serving 1M+ users
- Implemented css architecture reducing processing time by 40%
- Collaborated with cross-functional teams using react methodologies
- Mentored junior developers and conducted code reviews

Full Stack Developer at Digital Innovations Ltd. (2018 - 2018)
- Developed and maintained ci/cd applications with 99.9% uptime
- Optimized html performance achieving 3x throughput improvement
- Participated in agile ceremonies and sprint planning
- Created technical documentation and API specifications

Junior Full Stack Developer at StartUp Hub (2016 - 2018)
- Assisted in building typescript based tools for data processing
- Wrote unit tests achieving 90%+ code coverage
- Fixed bugs and improved application performance

CERTIFICATIONS:
- Certified Google Cloud Practitioner
- Full Stack Developer Professional Certification

PROJECTS:
- Built an end-to-end typescript pipeline processing 206K records daily
- Developed a css based dashboard for real-time monitoring",Full Stack Developer
"Jane Brown
Contact: jane.brown@email.com | Phone: +1-654-527-1775

PROFESSIONAL SUMMARY:
Results-driven Data Scientist with 12+ years of experience in developing and implementing predictive modeling solutions.
Proficient in scikit-learn, natural language processing, classification with a strong track record of delivering high-quality projects on time.
Seeking to leverage expertise in pandas to drive innovation and business growth.

EDUCATION:
Master of Technology in Software Engineering
GPA: 3.03

TECHNICAL SKILLS:
predictive modeling, scikit-learn, natural language processing, classification, pandas, data analysis, jupyter, machine learning

WORK EXPERIENCE:

Senior Data Scientist at Tech Solutions Inc. (2023 - Present)
- Led development of scalable predictive modeling solutions serving 1M+ users
- Implemented scikit-learn architecture reducing processing time by 40%
- Collaborated with cross-functional teams using natural language processing methodologies
- Mentored junior developers and conducted code reviews

Data Scientist at Digital Innovations Ltd. (2015 - 2021)
- Developed and maintained classification applications with 99.9% uptime
- Optimized pandas performance achieving 3x throughput improvement
- Participated in scrum ceremonies and sprint planning
- Created technical documentation and API specifications

Junior Data Scientist at StartUp Hub (2016 - 2016)
- Assisted in building predictive modeling based tools for data processing
- Wrote unit tests achieving 90%+ code coverage
- Fixed bugs and improved application performance

CERTIFICATIONS:
- Certified Azure Practitioner
- Data Scientist Professional Certification

PROJECTS:
- Built an end-to-end predictive modeling pipeline processing 399K records daily
- Developed a scikit-learn based dashboard for real-time monitoring",Data Scientist
"Robert Patel
Contact: robert.patel@email.com | Phone: +1-700-216-3433

PROFESSIONAL SUMMARY:
Results-driven Python Developer with 6+ years of experience in developing and implementing postgresql solutions.
Proficient in object oriented, web scraping, django with a strong track record of delivering high-quality projects on time.
Seeking to leverage expertise in redis to drive innovation and business growth.

EDUCATION:
Master of Computer Applications
GPA: 3.8

TECHNICAL SKILLS:
postgresql, object oriented, web scraping, django, redis, python, celery, numpy

WORK EXPERIENCE:

Senior Python Developer at Tech Solutions Inc. (2020 - Present)
- Led development of scalable postgresql solutions serving 1M+ users
- Implemented object oriented architecture reducing processing time by 40%
- Collaborated with cross-functional teams using web scraping methodologies
- Mentored junior developers and conducted code reviews

Python Developer at Digital Innovations Ltd. (2019 - 2018)
- Developed and maintained django applications with 99.9% uptime
- Optimized redis performance achieving 3x throughput improvement
- Participated in agile ceremonies and sprint planning
- Created technical documentation and API specifications

Junior Python Developer at StartUp Hub (2014 - 2016)
- Assisted in building postgresql based tools for data processing
- Wrote unit tests achieving 90%+ code coverage
- Fixed bugs and improved application performance

CERTIFICATIONS:
- Certified Azure Practitioner
- Python Developer Professional Certification

PROJECTS:
- Built an end-to-end postgresql pipeline processing 104K records daily
- Developed a object oriented based dashboard for real-time monitoring",Python Developer
"Sarah Smith
Contact: sarah.smith@email.com | Phone: +1-472-157-6447

PROFESSIONAL SUMMARY:
Results-driven UI/UX Designer with 1+ years of experience in developing and implementing interaction design solutions.
Proficient in adobe xd, journey mapping, figma with a strong track record of delivering high-quality projects on time.
Seeking to leverage expertise in accessibility to drive innovation and business growth.

EDUCATION:
Bachelor of Science in Data Science
GPA: 3.92

TECHNICAL SKILLS:
interaction design, adobe xd, journey mapping, figma, accessibility, sketch, user interface, color theory

WORK EXPERIENCE:

Senior UI/UX Designer at Tech Solutions Inc. (2022 - Present)
- Led development of scalable interaction design solutions serving 1M+ users
- Implemented adobe xd architecture reducing processing time by 40%
- Collaborated with cross-functional teams using journey mapping methodologies
- Mentored junior developers and conducted code reviews

UI/UX Designer at Digital Innovations Ltd. (2017 - 2019)
- Developed and maintained figma applications with 99.9% uptime
- Optimized accessibility performance achieving 3x throughput improvement
- Participated in kanban ceremonies and sprint planning
- Created technical documentation and API specifications

Junior UI/UX Designer at StartUp Hub (2015 - 2019)
- Assisted in building interaction design based tools for data processing
- Wrote unit tests achieving 90%+ code coverage
- Fixed bugs and improved application performance

CERTIFICATIONS:
- Certified Google Cloud Practitioner
- UI/UX Designer Professional Certification

PROJECTS:
- Built an end-to-end interaction design pipeline processing 238K records daily
- Developed a adobe xd based dashboard for real-time monitoring",UI/UX Designer
"Michael Johnson
Contact: michael.johnson@email.com | Phone: +1-562-222-6307

PROFESSIONAL SUMMARY:
Results-driven Cloud Engineer with 13+ years of experience in developing and implementing cloud migration solutions.
Proficient in google cloud, azure, infrastructure as code with a strong track record of delivering high-quality projects on time.
Seeking to leverage expertise in terraform to drive innovation and business growth.

EDUCATION:
Master of Science in Computer Science
GPA: 3.83

TECHNICAL SKILLS:
cloud migration, google cloud, azure, infrastructure as code, terraform, cloudformation, networking, cloud computing

WORK EXPERIENCE:

Senior Cloud Engineer at Tech Solutions Inc. (2021 - Present)
- Led development of scalable cloud migration solutions serving 1M+ users
- Implemented google cloud architecture reducing processing time by 40%
- Collaborated with cross-functional teams using azure methodologies
- Mentored junior developers and conducted code reviews

Cloud Engineer at Digital Innovations Ltd. (2016 - 2021)
- Developed and maintained infrastructure as code applications with 99.9% uptime
- Optimized terraform performance achieving 3x throughput improvement
- Participated in kanban ceremonies and sprint planning
- Created technical documentation and API specifications

Junior Cloud Engineer at StartUp Hub (2017 - 2018)
- Assisted in building cloud migration based tools for data processing
- Wrote unit tests achieving 90%+ code coverage
- Fixed bugs and improved application performance

CERTIFICATIONS:
- Certified Azure Practitioner
- Cloud Engineer Professional Certification

PROJECTS:
- Built an end-to-end cloud migration pipeline processing 363K records daily
- Developed a google cloud based dashboard for real-time monitoring",Cloud Engineer
"Michael Davis
Contact: michael.davis@email.com | Phone: +1-541-713-9100

PROFESSIONAL SUMMARY:
Results-driven UI/UX Designer with 7+ years of experience in developing and implementing user research solutions.
Proficient in wireframe, sketch, prototype with a strong track record of delivering high-quality projects on time.
Seeking to leverage expertise in journey mapping to drive innovation and business growth.

EDUCATION:
Master of Computer Applications
GPA: 3.75

TECHNICAL SKILLS:
user research, wireframe, sketch, prototype, journey mapping, design system, usability testing, user experience

WORK EXPERIENCE:

Senior UI/UX Designer at Tech Solutions Inc. (2020 - Present)
- Led development of scalable user research solutions serving 1M+ users
- Implemented wireframe architecture reducing processing time by 40%
- Collaborated with cross-functional teams using sketch methodologies
- Mentored junior developers and conducted code reviews

UI/UX Designer at Digital Innovations Ltd. (2015 - 2018)
- Developed and maintained prototype applications with 99.9% uptime
- Optimized journey mapping performance achieving 3x throughput improvement
- Participated in kanban ceremonies and sprint planning
- Created technical documentation and API specifications

Junior UI/UX Designer at StartUp Hub (2015 - 2017)
- Assisted in building user research based tools for data processing
- Wrote unit tests achieving 90%+ code coverage
- Fixed bugs and improved application performance

CERTIFICATIONS:
- Certified AWS Practitioner
- UI/UX Designer Professional Certification

PROJECTS:
- Built an end-to-end user research pipeline processing 158K records daily
- Developed a wireframe based dashboard for real-time monitoring",UI/UX Designer
"Alex Martinez
Contact: alex.martinez@email.com | Phone: +1-781-794-8929

PROFESSIONAL SUMMARY:
Results-driven Data Analyst with 12+ years of experience in developing and implementing tableau solutions.
Proficient in google analytics, business intelligence, reporting with a strong track record of delivering high-quality projects on time.
Seeking to leverage expertise in data warehousing to drive innovation and business growth.

EDUCATION:
Master of Technology in Software Engineering
GPA: 3.49

TECHNICAL SKILLS:
tableau, google analytics, business intelligence, reporting, data warehousing, statistical analysis, etl, sql

WORK EXPERIENCE:

Senior Data Analyst at Tech Solutions Inc. (2020 - Present)
- Led development of scalable tableau solutions serving 1M+ users
- Implemented google analytics architecture reducing processing time by 40%
- Collaborated with cross-functional teams using business intelligence methodologies
- Mentored junior developers and conducted code reviews

Data Analyst at Digital Innovations Ltd. (2015 - 2023)
- Developed and maintained reporting applications with 99.9% uptime
- Optimized data warehousing performance achieving 3x throughput improvement
- Participated in kanban ceremonies and sprint planning
- Created technical documentation and API specifications

Junior Data Analyst at StartUp Hub (2015 - 2017)
- Assisted in building tableau based tools for data processing
- Wrote unit tests achieving 90%+ code coverage
- Fixed bugs and improved application performance

CERTIFICATIONS:
- Certified AWS Practitioner
- Data Analyst Professional Certification

PROJECTS:
- Built an end-to-end tableau pipeline processing 251K records daily
- Developed a google analytics based dashboard for real-time monitoring",Data Analyst
"Priya Jones
Contact: priya.jones@email.com | Phone: +1-620-667-5928

PROFESSIONAL SUMMARY:
Results-driven Machine Learning Engineer with 7+ years of experience in developing and implementing model deployment solutions.
Proficient in scikit-learn, serving, distributed computing with a strong track record of delivering high-quality projects on time.
Seeking to leverage expertise in machine learning to drive innovation and business growth.

EDUCATION:
Master of Technology in Software Engineering
GPA: 3.35

TECHNICAL SKILLS:
model deployment, scikit-learn, serving, distributed computing, machine learning, reinforcement learning, pytorch, mlops

WORK EXPERIENCE:

Senior Machine Learning Engineer at Tech Solutions Inc. (2021 - Present)
- Led development of scalable model deployment solutions serving 1M+ users
- Implemented scikit-learn architecture reducing processing time by 40%
- Collaborated with cross-functional teams using serving methodologies
- Mentored junior developers and conducted code reviews

Machine Learning Engineer at Digital Innovations Ltd. (2017 - 2022)
- Developed and maintained distributed computing applications with 99.9% uptime
- Optimized machine learning performance achieving 3x throughput improvement
- Participated in scrum ceremonies and sprint planning
- Created technical documentation and API specifications

Junior Machine Learning Engineer at StartUp Hub (2016 - 2016)
- Assisted in building model deployment based tools for data processing
- Wrote unit tests achieving 90%+ code coverage
- Fixed bugs and improved application performance

CERTIFICATIONS:
- Certified Google Cloud Practitioner
- Machine Learning Engineer Professional Certification

PROJECTS:
- Built an end-to-end model deployment pipeline processing 436K records daily
- Developed a scikit-learn based dashboard for real-time monitoring",Machine Learning Engineer
"Sneha Singh
Contact: sneha.singh@email.com | Phone: +1-238-692-4667

PROFESSIONAL SUMMARY:
Results-driven Software Engineer with 1+ years of experience in developing and implementing algorithms solutions.
Proficient in data structures, documentation, microservices with a strong track record of delivering high-quality projects on time.
Seeking to leverage expertise in object oriented to drive innovation and business growth.

EDUCATION:
Bachelor of Engineering in Information Technology
GPA: 3.57

TECHNICAL SKILLS:
algorithms, data structures, documentation, microservices, object oriented, testing, system design, design patterns

WORK EXPERIENCE:

Senior Software Engineer at Tech Solutions Inc. (2023 - Present)
- Led development of scalable algorithms solutions serving 1M+ users
- Implemented data structures architecture reducing processing time by 40%
- Collaborated with cross-functional teams using documentation methodologies
- Mentored junior developers and conducted code reviews

Software Engineer at Digital Innovations Ltd. (2019 - 2023)
- Developed and maintained microservices applications with 99.9% uptime
- Optimized object oriented performance achieving 3x throughput improvement
- Participated in agile ceremonies and sprint planning
- Created technical documentation and API specifications

Junior Software Engineer at StartUp Hub (2017 - 2016)
- Assisted in building algorithms based tools for data processing
- Wrote unit tests achieving 90%+ code coverage
- Fixed bugs and improved application performance

CERTIFICATIONS:
- Certified AWS Practitioner
- Software Engineer Professional Certification

PROJECTS:
- Built an end-to-end algorithms pipeline processing 485K records daily
- Developed a data structures based dashboard for real-time monitoring",Software Engineer
"Priya Martinez
Contact: priya.martinez@email.com | Phone: +1-675-396-9676

PROFESSIONAL SUMMARY:
Results-driven Backend Developer with 8+ years of experience in developing and implementing serverless solutions.
Proficient in mongodb, java, docker with a strong track record of delivering high-quality projects on time.
Seeking to leverage expertise in authentication to drive innovation and business growth.

EDUCATION:
Master of Technology in Software Engineering
GPA: 3.63

TECHNICAL SKILLS:
serverless, mongodb, java, docker, authentication, load balancing, express, authorization

WORK EXPERIENCE:

Senior Backend Developer at Tech Solutions Inc. (2024 - Present)
- Led development of scalable serverless solutions serving 1M+ users
- Implemented mongodb architecture reducing processing time by 40%
- Collaborated with cross-functional teams using java methodologies
- Mentored junior developers and conducted code reviews

Backend Developer at Digital Innovations Ltd. (2015 - 2024)
- Developed and maintained docker applications with 99.9% uptime
- Optimized authentication performance achieving 3x throughput improvement
- Participated in kanban ceremonies and sprint planning
- Created technical documentation and API specifications

Junior Backend Developer at StartUp Hub (2014 - 2016)
- Assisted in building serverless based tools for data processing
- Wrote unit tests achieving 90%+ code coverage
- Fixed bugs and improved application performance

CERTIFICATIONS:
- Certified Azure Practitioner
- Backend Developer Professional Certification

PROJECTS:
- Built an end-to-end serverless pipeline processing 277K records daily
- Developed a mongodb based dashboard for real-time monitoring",Backend Developer
"Amit Singh
Contact: amit.singh@email.com | Phone: +1-328-660-8433

PROFESSIONAL SUMMARY:
Results-driven Cybersecurity Analyst with 4+ years of experience in developing and implementing firewall solutions.
Proficient in incident response, security monitoring, siem with a strong track record of delivering high-quality projects on time.
Seeking to leverage expertise in nist to drive innovation and business growth.

EDUCATION:
Bachelor of Science in Data Science
GPA: 3.06

TECHNICAL SKILLS:
firewall, incident response, security monitoring, siem, nist, identity management, risk assessment, encryption

WORK EXPERIENCE:

Senior Cybersecurity Analyst at Tech Solutions Inc. (2019 - Present)
- Led development of scalable firewall solutions serving 1M+ users
- Implemented incident response architecture reducing processing time by 40%
- Collaborated with cross-functional teams using security monitoring methodologies
- Mentored junior developers and conducted code reviews

Cybersecurity Analyst at Digital Innovations Ltd. (2019 - 2024)
- Developed and maintained siem applications with 99.9% uptime
- Optimized nist performance achieving 3x throughput improvement
- Participated in scrum ceremonies and sprint planning
- Created technical documentation and API specifications

Junior Cybersecurity Analyst at StartUp Hub (2016 - 2015)
- Assisted in building firewall based tools for data processing
- Wrote unit tests achieving 90%+ code coverage
- Fixed bugs and improved application performance

CERTIFICATIONS:
- Certified Azure Practitioner
- Cybersecurity Analyst Professional Certification

PROJECTS:
- Built an end-to-end firewall pipeline processing 308K records daily
- Developed a incident response based dashboard for real-time monitoring",Cybersecurity Analyst
"David Johnson
Contact: david.johnson@email.com | Phone: +1-925-299-8088

PROFESSIONAL SUMMARY:
Results-driven Frontend Developer with 8+ years of experience in developing and implementing javascript solutions.
Proficient in angular, less, vue.js with a strong track record of delivering high-quality projects on time.
Seeking to leverage expertise in react to drive innovation and business growth.

EDUCATION:
Bachelor of Engineering in Information Technology
GPA: 3.61

TECHNICAL SKILLS:
javascript, angular, less, vue.js, react, typescript, accessibility, state management

WORK EXPERIENCE:

Senior Frontend Developer at Tech Solutions Inc. (2021 - Present)
- Led development of scalable javascript solutions serving 1M+ users
- Implemented angular architecture reducing processing time by 40%
- Collaborated with cross-functional teams using less methodologies
- Mentored junior developers and conducted code reviews

Frontend Developer at Digital Innovations Ltd. (2019 - 2020)
- Developed and maintained vue.js applications with 99.9% uptime
- Optimized react performance achieving 3x throughput improvement
- Participated in agile ceremonies and sprint planning
- Created technical documentation and API specifications

Junior Frontend Developer at StartUp Hub (2016 - 2015)
- Assisted in building javascript based tools for data processing
- Wrote unit tests achieving 90%+ code coverage
- Fixed bugs and improved application performance

CERTIFICATIONS:
- Certified Google Cloud Practitioner
- Frontend Developer Professional Certification

PROJECTS:
- Built an end-to-end javascript pipeline processing 110K records daily
- Developed a angular based dashboard for real-time monitoring",Frontend Developer
"Sneha Chen
Contact: sneha.chen@email.com | Phone: +1-809-827-5784

PROFESSIONAL SUMMARY:
Results-driven Data Engineer with 8+ years of experience in developing and implementing airflow solutions.
Proficient in scala, apache spark, orchestration with a strong track record of delivering high-quality projects on time.
Seeking to leverage expertise in big data to drive innovation and business growth.

EDUCATION:
Bachelor of Engineering in Information Technology
GPA: 3.72

TECHNICAL SKILLS:
airflow, scala, apache spark, orchestration, big data, data pipeline, aws, redis

WORK EXPERIENCE:

Senior Data Engineer at Tech Solutions Inc. (2018 - Present)
- Led development of scalable airflow solutions serving 1M+ users
- Implemented scala architecture reducing processing time by 40%
- Collaborated with cross-functional teams using apache spark methodologies
- Mentored junior developers and conducted code reviews

Data Engineer at Digital Innovations Ltd. (2019 - 2024)
- Developed and maintained orchestration applications with 99.9% uptime
- Optimized big data performance achieving 3x throughput improvement
- Participated in kanban ceremonies and sprint planning
- Created technical documentation and API specifications

Junior Data Engineer at StartUp Hub (2016 - 2018)
- Assisted in building airflow based tools for data processing
- Wrote unit tests achieving 90%+ code coverage
- Fixed bugs and improved application performance

CERTIFICATIONS:
- Certified Azure Practitioner
- Data Engineer Professional Certification

PROJECTS:
- Built an end-to-end airflow pipeline processing 429K records daily
- Developed a scala based dashboard for real-time monitoring",Data Engineer
"Priya Rodriguez
Contact: priya.rodriguez@email.com | Phone: +1-716-558-3892

PROFESSIONAL SUMMARY:
Results-driven Full Stack Developer with 5+ years of experience in developing and implementing javascript solutions.
Proficient in redux, node.js, css with a strong track record of delivering high-quality projects on time.
Seeking to leverage expertise in python to drive innovation and business growth.

EDUCATION:
Bachelor of Science in Data Science
GPA: 3.27

TECHNICAL SKILLS:
javascript, redux, node.js, css, python, ci/cd, rest api, postgresql

WORK EXPERIENCE:

Senior Full Stack Developer at Tech Solutions Inc. (2023 - Present)
- Led development of scalable javascript solutions serving 1M+ users
- Implemented redux architecture reducing processing time by 40%
- Collaborated with cross-functional teams using node.js methodologies
- Mentored junior developers and conducted code reviews

Full Stack Developer at Digital Innovations Ltd. (2016 - 2024)
- Developed and maintained css applications with 99.9% uptime
- Optimized python performance achieving 3x throughput improvement
- Participated in scrum ceremonies and sprint planning
- Created technical documentation and API specifications

Junior Full Stack Developer at StartUp Hub (2016 - 2017)
- Assisted in building javascript based tools for data processing
- Wrote unit tests achieving 90%+ code coverage
- Fixed bugs and improved application performance

CERTIFICATIONS:
- Certified Google Cloud Practitioner
- Full Stack Developer Professional Certification

PROJECTS:
- Built an end-to-end javascript pipeline processing 152K records daily
- Developed a redux based dashboard for real-time monitoring",Full Stack Developer
"Michael Davis
Contact: michael.davis@email.com | Phone: +1-998-301-5538

PROFESSIONAL SUMMARY:
Results-driven Software Engineer with 1+ years of experience in developing and implementing microservices solutions.
Proficient in software development, algorithms, rest api with a strong track record of delivering high-quality projects on time.
Seeking to leverage expertise in git to drive innovation and business growth.

EDUCATION:
Bachelor of Engineering in Information Technology
GPA: 3.27

TECHNICAL SKILLS:
microservices, software development, algorithms, rest api, git, object oriented, version control, python

WORK EXPERIENCE:

Senior Software Engineer at Tech Solutions Inc. (2023 - Present)
- Led development of scalable microservices solutions serving 1M+ users
- Implemented software development architecture reducing processing time by 40%
- Collaborated with cross-functional teams using algorithms methodologies
- Mentored junior developers and conducted code reviews

Software Engineer at Digital Innovations Ltd. (2015 - 2018)
- Developed and maintained rest api applications with 99.9% uptime
- Optimized git performance achieving 3x throughput improvement
- Participated in kanban ceremonies and sprint planning
- Created technical documentation and API specifications

Junior Software Engineer at StartUp Hub (2014 - 2015)
- Assisted in building microservices based tools for data processing
- Wrote unit tests achieving 90%+ code coverage
- Fixed bugs and improved application performance

CERTIFICATIONS:
- Certified AWS Practitioner
- Software Engineer Professional Certification

PROJECTS:
- Built an end-to-end microservices pipeline processing 333K records daily
- Developed a software development based dashboard for real-time monitoring",Software Engineer
"Amit Miller
Contact: amit.miller@email.com | Phone: +1-315-261-8746

PROFESSIONAL SUMMARY:
Results-driven Data Engineer with 5+ years of experience in developing and implementing hadoop solutions.
Proficient in data pipeline, big data, snowflake with a strong track record of delivering high-quality projects on time.
Seeking to leverage expertise in apache spark to drive innovation and business growth.

EDUCATION:
Master of Science in Computer Science
GPA: 3.05

TECHNICAL SKILLS:
hadoop, data pipeline, big data, snowflake, apache spark, redis, sql, postgresql

WORK EXPERIENCE:

Senior Data Engineer at Tech Solutions Inc. (2020 - Present)
- Led development of scalable hadoop solutions serving 1M+ users
- Implemented data pipeline architecture reducing processing time by 40%
- Collaborated with cross-functional teams using big data methodologies
- Mentored junior developers and conducted code reviews

Data Engineer at Digital Innovations Ltd. (2019 - 2024)
- Developed and maintained snowflake applications with 99.9% uptime
- Optimized apache spark performance achieving 3x throughput improvement
- Participated in agile ceremonies and sprint planning
- Created technical documentation and API specifications

Junior Data Engineer at StartUp Hub (2014 - 2015)
- Assisted in building hadoop based tools for data processing
- Wrote unit tests achieving 90%+ code coverage
- Fixed bugs and improved application performance

CERTIFICATIONS:
- Certified Google Cloud Practitioner
- Data Engineer Professional Certification

PROJECTS:
- Built an end-to-end hadoop pipeline processing 425K records daily
- Developed a data pipeline based dashboard for real-time monitoring",Data Engineer
"Lisa Garcia
Contact: lisa.garcia@email.com | Phone: +1-572-107-7819

PROFESSIONAL SUMMARY:
Results-driven Web Developer with 12+ years of experience in developing and implementing rest api solutions.
Proficient in web development, css, react with a strong track record of delivering high-quality projects on time.
Seeking to leverage expertise in sass to drive innovation and business growth.

EDUCATION:
Master of Technology in Software Engineering
GPA: 3.46

TECHNICAL SKILLS:
rest api, web development, css, react, sass, bootstrap, frontend, backend

WORK EXPERIENCE:

Senior Web Developer at Tech Solutions Inc. (2019 - Present)
- Led development of scalable rest api solutions serving 1M+ users
- Implemented web development architecture reducing processing time by 40%
- Collaborated with cross-functional teams using css methodologies
- Mentored junior developers and conducted code reviews

Web Developer at Digital Innovations Ltd. (2018 - 2019)
- Developed and maintained react applications with 99.9% uptime
- Optimized sass performance achieving 3x throughput improvement
- Participated in agile ceremonies and sprint planning
- Created technical documentation and API specifications

Junior Web Developer at StartUp Hub (2013 - 2018)
- Assisted in building rest api based tools for data processing
- Wrote unit tests achieving 90%+ code coverage
- Fixed bugs and improved application performance

CERTIFICATIONS:
- Certified Google Cloud Practitioner
- Web Developer Professional Certification

PROJECTS:
- Built an end-to-end rest api pipeline processing 456K records daily
- Developed a web development based dashboard for real-time monitoring",Web Developer
"Lisa Rodriguez
Contact: lisa.rodriguez@email.com | Phone: +1-691-646-7326

PROFESSIONAL SUMMARY:
Results-driven Network Engineer with 4+ years of experience in developing and implementing dhcp solutions.
Proficient in networking, infrastructure, subnetting with a strong track record of delivering high-quality projects on time.
Seeking to leverage expertise in load balancer to drive innovation and business growth.

EDUCATION:
Bachelor of Technology in Computer Science
GPA: 3.14

TECHNICAL SKILLS:
dhcp, networking, infrastructure, subnetting, load balancer, dns, bgp, wireshark

WORK EXPERIENCE:

Senior Network Engineer at Tech Solutions Inc. (2020 - Present)
- Led development of scalable dhcp solutions serving 1M+ users
- Implemented networking architecture reducing processing time by 40%
- Collaborated with cross-functional teams using infrastructure methodologies
- Mentored junior developers and conducted code reviews

Network Engineer at Digital Innovations Ltd. (2018 - 2024)
- Developed and maintained subnetting applications with 99.9% uptime
- Optimized load balancer performance achieving 3x throughput improvement
- Participated in scrum ceremonies and sprint planning
- Created technical documentation and API specifications

Junior Network Engineer at StartUp Hub (2015 - 2015)
- Assisted in building dhcp based tools for data processing
- Wrote unit tests achieving 90%+ code coverage
- Fixed bugs and improved application performance

CERTIFICATIONS:
- Certified AWS Practitioner
- Network Engineer Professional Certification

PROJECTS:
- Built an end-to-end dhcp pipeline processing 153K records daily
- Developed a networking based dashboard for real-time monitoring",Network Engineer
"Jane Singh
Contact: jane.singh@email.com | Phone: +1-452-155-9648

PROFESSIONAL SUMMARY:
Results-driven Frontend Developer with 11+ years of experience in developing and implementing html solutions.
Proficient in performance optimization, webpack, sass with a strong track record of delivering high-quality projects on time.
Seeking to leverage expertise in vue.js to drive innovation and business growth.

EDUCATION:
Master of Science in Computer Science
GPA: 3.43

TECHNICAL SKILLS:
html, performance optimization, webpack, sass, vue.js, responsive, redux, javascript

WORK EXPERIENCE:

Senior Frontend Developer at Tech Solutions Inc. (2018 - Present)
- Led development of scalable html solutions serving 1M+ users
- Implemented performance optimization architecture reducing processing time by 40%
- Collaborated with cross-functional teams using webpack methodologies
- Mentored junior developers and conducted code reviews

Frontend Developer at Digital Innovations Ltd. (2017 - 2022)
- Developed and maintained sass applications with 99.9% uptime
- Optimized vue.js performance achieving 3x throughput improvement
- Participated in agile ceremonies and sprint planning
- Created technical documentation and API specifications

Junior Frontend Developer at StartUp Hub (2016 - 2017)
- Assisted in building html based tools for data processing
- Wrote unit tests achieving 90%+ code coverage
- Fixed bugs and improved application performance

CERTIFICATIONS:
- Certified Google Cloud Practitioner
- Frontend Developer Professional Certification

PROJECTS:
- Built an end-to-end html pipeline processing 89K records daily
- Developed a performance optimization based dashboard for real-time monitoring",Frontend Developer
"Jane Martinez
Contact: jane.martinez@email.com | Phone: +1-489-394-3951

PROFESSIONAL SUMMARY:
Results-driven Data Analyst with 13+ years of experience in developing and implementing data visualization solutions.
Proficient in data warehousing, python, requirements gathering with a strong track record of delivering high-quality projects on time.
Seeking to leverage expertise in reporting to drive innovation and business growth.

EDUCATION:
Master of Technology in Software Engineering
GPA: 3.29

TECHNICAL SKILLS:
data visualization, data warehousing, python, requirements gathering, reporting, business intelligence, sql, trend analysis

WORK EXPERIENCE:

Senior Data Analyst at Tech Solutions Inc. (2023 - Present)
- Led development of scalable data visualization solutions serving 1M+ users
- Implemented data warehousing architecture reducing processing time by 40%
- Collaborated with cross-functional teams using python methodologies
- Mentored junior developers and conducted code reviews

Data Analyst at Digital Innovations Ltd. (2017 - 2023)
- Developed and maintained requirements gathering applications with 99.9% uptime
- Optimized reporting performance achieving 3x throughput improvement
- Participated in agile ceremonies and sprint planning
- Created technical documentation and API specifications

Junior Data Analyst at StartUp Hub (2017 - 2015)
- Assisted in building data visualization based tools for data processing
- Wrote unit tests achieving 90%+ code coverage
- Fixed bugs and improved application performance

CERTIFICATIONS:
- Certified AWS Practitioner
- Data Analyst Professional Certification

PROJECTS:
- Built an end-to-end data visualization pipeline processing 242K records daily
- Developed a data warehousing based dashboard for real-time monitoring",Data Analyst
"Priya Sharma
Contact: priya.sharma@email.com | Phone: +1-889-774-3427

PROFESSIONAL SUMMARY:
Results-driven Web Developer with 4+ years of experience in developing and implementing responsive design solutions.
Proficient in typescript, git, node.js with a strong track record of delivering high-quality projects on time.
Seeking to leverage expertise in jquery to drive innovation and business growth.

EDUCATION:
Master of Technology in Software Engineering
GPA: 3.13

TECHNICAL SKILLS:
responsive design, typescript, git, node.js, jquery, frontend, web applications, backend

WORK EXPERIENCE:

Senior Web Developer at Tech Solutions Inc. (2022 - Present)
- Led development of scalable responsive design solutions serving 1M+ users
- Implemented typescript architecture reducing processing time by 40%
- Collaborated with cross-functional teams using git methodologies
- Mentored junior developers and conducted code reviews

Web Developer at Digital Innovations Ltd. (2017 - 2020)
- Developed and maintained node.js applications with 99.9% uptime
- Optimized jquery performance achieving 3x throughput improvement
- Participated in agile ceremonies and sprint planning
- Created technical documentation and API specifications

Junior Web Developer at StartUp Hub (2016 - 2017)
- Assisted in building responsive design based tools for data processing
- Wrote unit tests achieving 90%+ code coverage
- Fixed bugs and improved application performance

CERTIFICATIONS:
- Certified AWS Practitioner
- Web Developer Professional Certification

PROJECTS:
- Built an end-to-end responsive design pipeline processing 426K records daily
- Developed a typescript based dashboard for real-time monitoring",Web Developer
"John Davis
Contact: john.davis@email.com | Phone: +1-853-302-2762

PROFESSIONAL SUMMARY:
Results-driven Machine Learning Engineer with 4+ years of experience in developing and implementing a/b testing solutions.
Proficient in deep learning, mlops, machine learning with a strong track record of delivering high-quality projects on time.
Seeking to leverage expertise in model deployment to drive innovation and business growth.

EDUCATION:
Bachelor of Technology in Computer Science
GPA: 3.23

TECHNICAL SKILLS:
a/b testing, deep learning, mlops, machine learning, model deployment, feature engineering, python, distributed computing

WORK EXPERIENCE:

Senior Machine Learning Engineer at Tech Solutions Inc. (2023 - Present)
- Led development of scalable a/b testing solutions serving 1M+ users
- Implemented deep learning architecture reducing processing time by 40%
- Collaborated with cross-functional teams using mlops methodologies
- Mentored junior developers and conducted code reviews

Machine Learning Engineer at Digital Innovations Ltd. (2015 - 2021)
- Developed and maintained machine learning applications with 99.9% uptime
- Optimized model deployment performance achieving 3x throughput improvement
- Participated in kanban ceremonies and sprint planning
- Created technical documentation and API specifications

Junior Machine Learning Engineer at StartUp Hub (2016 - 2018)
- Assisted in building a/b testing based tools for data processing
- Wrote unit tests achieving 90%+ code coverage
- Fixed bugs and improved application performance

CERTIFICATIONS:
- Certified Azure Practitioner
- Machine Learning Engineer Professional Certification

PROJECTS:
- Built an end-to-end a/b testing pipeline processing 370K records daily
- Developed a deep learning based dashboard for real-time monitoring",Machine Learning Engineer
"Emily Johnson
Contact: emily.johnson@email.com | Phone: +1-607-212-3313

PROFESSIONAL SUMMARY:
Results-driven Network Engineer with 9+ years of experience in developing and implementing cisco solutions.
Proficient in bgp, vlan, networking with a strong track record of delivering high-quality projects on time.
Seeking to leverage expertise in ospf to drive innovation and business growth.

EDUCATION:
Master of Computer Applications
GPA: 3.95

TECHNICAL SKILLS:
cisco, bgp, vlan, networking, ospf, troubleshooting, vpn, network monitoring

WORK EXPERIENCE:

Senior Network Engineer at Tech Solutions Inc. (2023 - Present)
- Led development of scalable cisco solutions serving 1M+ users
- Implemented bgp architecture reducing processing time by 40%
- Collaborated with cross-functional teams using vlan methodologies
- Mentored junior developers and conducted code reviews

Network Engineer at Digital Innovations Ltd. (2015 - 2018)
- Developed and maintained networking applications with 99.9% uptime
- Optimized ospf performance achieving 3x throughput improvement
- Participated in scrum ceremonies and sprint planning
- Created technical documentation and API specifications

Junior Network Engineer at StartUp Hub (2016 - 2015)
- Assisted in building cisco based tools for data processing
- Wrote unit tests achieving 90%+ code coverage
- Fixed bugs and improved application performance

CERTIFICATIONS:
- Certified AWS Practitioner
- Network Engineer Professional Certification

PROJECTS:
- Built an end-to-end cisco pipeline processing 197K records daily
- Developed a bgp based dashboard for real-time monitoring",Network Engineer
"James Brown
Contact: james.brown@email.com | Phone: +1-472-198-4835

PROFESSIONAL SUMMARY:
Results-driven Data Analyst with 3+ years of experience in developing and implementing data warehousing solutions.
Proficient in pandas, forecasting, statistical analysis with a strong track record of delivering high-quality projects on time.
Seeking to leverage expertise in dashboard to drive innovation and business growth.

EDUCATION:
Bachelor of Science in Data Science
GPA: 3.3

TECHNICAL SKILLS:
data warehousing, pandas, forecasting, statistical analysis, dashboard, business intelligence, vlookup, trend analysis

WORK EXPERIENCE:

Senior Data Analyst at Tech Solutions Inc. (2023 - Present)
- Led development of scalable data warehousing solutions serving 1M+ users
- Implemented pandas architecture reducing processing time by 40%
- Collaborated with cross-functional teams using forecasting methodologies
- Mentored junior developers and conducted code reviews

Data Analyst at Digital Innovations Ltd. (2015 - 2019)
- Developed and maintained statistical analysis applications with 99.9% uptime
- Optimized dashboard performance achieving 3x throughput improvement
- Participated in kanban ceremonies and sprint planning
- Created technical documentation and API specifications

Junior Data Analyst at StartUp Hub (2017 - 2019)
- Assisted in building data warehousing based tools for data processing
- Wrote unit tests achieving 90%+ code coverage
- Fixed bugs and improved application performance

CERTIFICATIONS:
- Certified AWS Practitioner
- Data Analyst Professional Certification

PROJECTS:
- Built an end-to-end data warehousing pipeline processing 154K records daily
- Developed a pandas based dashboard for real-time monitoring",Data Analyst
